1,167,Diabetes,Exercise,2024-03-28
2,787,Headache,Exercise,2024-02-22
3,512,Cold,Surgery,2024-07-10
4,488,Asthma,Inhaler,2023-12-08
5,195,Hypertension,Medication,2024-08-15
6,56,Allergy,Inhaler,2024-02-13
7,569,Flu,Diet Change,2023-09-04
8,227,Back Pain,Medication,2023-09-18
9,606,Cold,Inhaler,2023-11-10
10,946,Diabetes,Medication,2024-02-01
11,23,Asthma,Inhaler,2024-02-29
12,42,Flu,Diet Change,2024-04-19
13,164,Allergy,Rest,2023-11-25
14,495,Allergy,Inhaler,2024-02-01
15,723,Diabetes,Inhaler,2023-09-19
16,358,Cold,Surgery,2023-12-08
17,502,Flu,Exercise,2024-05-18
18,483,Allergy,Physical Therapy,2024-07-29
19,106,Diabetes,Diet Change,2024-05-01
20,680,Asthma,Medication,2024-07-08
21,503,Flu,Inhaler,2023-10-25
22,283,Cold,Surgery,2023-11-18
23,470,Hypertension,Inhaler,2024-02-28
24,237,Flu,Exercise,2023-10-10
25,272,Flu,Inhaler,2024-02-15
26,381,Headache,Exercise,2024-05-10
27,224,Diabetes,Rest,2024-08-19
28,666,Diabetes,Diet Change,2024-02-23
29,367,Hypertension,Exercise,2023-12-16
30,425,Hypertension,Inhaler,2024-02-04
31,746,Asthma,Medication,2024-01-26
32,128,Cold,Physical Therapy,2023-11-21
33,70,Headache,Medication,2024-04-18
34,721,Hypertension,Rest,2023-12-04
35,988,Diabetes,Medication,2024-03-14
36,146,Cold,Inhaler,2023-11-06
37,324,Headache,Diet Change,2024-03-04
38,344,Headache,Diet Change,2024-02-15
39,407,Asthma,Surgery,2023-09-17
40,228,Flu,Inhaler,2024-05-19
41,711,Flu,Diet Change,2024-06-27
42,860,Diabetes,Diet Change,2024-01-16
43,58,Hypertension,Medication,2024-02-07
44,935,Asthma,Diet Change,2024-05-05
45,643,Flu,Exercise,2024-02-26
46,902,Asthma,Diet Change,2024-06-29
47,454,Diabetes,Physical Therapy,2024-01-17
48,974,Flu,Rest,2024-06-04
49,149,Asthma,Inhaler,2023-12-13
50,682,Flu,Medication,2023-08-25
51,822,Flu,Inhaler,2023-09-02
52,732,Flu,Diet Change,2024-03-15
53,732,Flu,Medication,2023-11-16
54,410,Allergy,Exercise,2024-06-13
55,870,Headache,Surgery,2023-11-02
56,644,Allergy,Physical Therapy,2023-09-28
57,320,Headache,Exercise,2024-05-27
58,822,Headache,Exercise,2024-03-01
59,466,Back Pain,Physical Therapy,2024-01-15
60,17,Diabetes,Exercise,2023-09-14
61,709,Asthma,Medication,2023-09-22
62,28,Cold,Inhaler,2023-09-25
63,228,Back Pain,Inhaler,2023-09-14
64,756,Allergy,Surgery,2024-08-09
65,600,Cold,Diet Change,2024-08-06
66,41,Asthma,Physical Therapy,2023-09-26
67,859,Back Pain,Surgery,2024-03-18
68,612,Cold,Inhaler,2023-10-19
69,245,Flu,Surgery,2024-07-30
70,617,Diabetes,Diet Change,2023-11-11
71,827,Allergy,Medication,2023-10-11
72,674,Back Pain,Diet Change,2024-03-08
73,362,Asthma,Diet Change,2024-04-29
74,663,Headache,Inhaler,2024-03-10
75,12,Headache,Inhaler,2024-06-16
76,58,Back Pain,Inhaler,2024-02-08
77,789,Headache,Diet Change,2024-05-09
78,895,Cold,Inhaler,2023-11-12
79,347,Flu,Diet Change,2024-02-04
80,112,Asthma,Inhaler,2024-04-06
81,913,Diabetes,Diet Change,2023-09-09
82,397,Back Pain,Surgery,2024-06-21
83,551,Asthma,Diet Change,2024-03-25
84,502,Allergy,Exercise,2024-03-15
85,917,Back Pain,Medication,2024-05-07
86,441,Flu,Medication,2023-12-31
87,109,Flu,Rest,2023-12-26
88,213,Hypertension,Rest,2024-06-10
89,818,Cold,Exercise,2023-12-12
90,279,Allergy,Inhaler,2024-04-30
91,901,Headache,Physical Therapy,2024-07-21
92,783,Diabetes,Diet Change,2023-12-11
93,604,Back Pain,Exercise,2023-11-12
94,463,Diabetes,Diet Change,2024-07-21
95,497,Back Pain,Diet Change,2024-05-26
96,813,Allergy,Inhaler,2024-03-08
97,275,Asthma,Rest,2023-11-21
98,567,Flu,Rest,2023-10-20
99,118,Flu,Rest,2023-10-23
100,951,Flu,Rest,2024-08-02
101,739,Allergy,Surgery,2024-05-20
102,568,Hypertension,Exercise,2024-04-30
103,350,Cold,Medication,2023-09-05
104,422,Back Pain,Inhaler,2023-10-18
105,615,Flu,Diet Change,2024-01-23
106,156,Allergy,Exercise,2024-02-22
107,813,Back Pain,Rest,2024-05-12
108,627,Back Pain,Surgery,2024-01-06
109,724,Hypertension,Diet Change,2024-07-27
110,705,Headache,Inhaler,2024-05-12
111,908,Hypertension,Exercise,2024-02-23
112,297,Cold,Surgery,2023-08-22
113,391,Asthma,Exercise,2024-06-17
114,604,Diabetes,Surgery,2024-04-22
115,903,Cold,Surgery,2024-01-30
116,62,Cold,Inhaler,2023-09-04
117,419,Flu,Medication,2023-12-18
118,241,Cold,Surgery,2024-07-05
119,341,Back Pain,Surgery,2023-10-05
120,990,Asthma,Exercise,2024-01-09
121,823,Asthma,Rest,2024-07-20
122,560,Allergy,Exercise,2024-04-02
123,611,Flu,Rest,2024-06-11
124,841,Allergy,Inhaler,2024-02-26
125,652,Back Pain,Physical Therapy,2024-04-04
126,154,Cold,Medication,2023-12-13
127,76,Cold,Rest,2023-09-29
128,582,Headache,Rest,2023-12-26
129,234,Headache,Physical Therapy,2024-08-09
130,968,Allergy,Exercise,2024-08-07
131,696,Diabetes,Rest,2024-02-19
132,76,Cold,Diet Change,2023-09-27
133,182,Allergy,Exercise,2024-02-18
134,943,Headache,Rest,2024-08-02
135,674,Cold,Inhaler,2024-02-05
136,825,Flu,Exercise,2023-11-18
137,911,Hypertension,Physical Therapy,2024-04-26
138,542,Allergy,Physical Therapy,2024-02-21
139,7,Diabetes,Medication,2023-11-05
140,154,Back Pain,Surgery,2024-04-20
141,848,Allergy,Surgery,2024-01-18
142,670,Headache,Medication,2024-08-03
143,86,Cold,Physical Therapy,2023-12-03
144,826,Headache,Physical Therapy,2024-04-27
145,405,Back Pain,Inhaler,2024-01-05
146,19,Diabetes,Physical Therapy,2024-04-09
147,973,Back Pain,Exercise,2023-12-12
148,928,Flu,Inhaler,2024-01-05
149,69,Flu,Diet Change,2024-02-06
150,799,Diabetes,Medication,2024-03-02
151,595,Back Pain,Medication,2023-11-12
152,659,Back Pain,Inhaler,2024-02-15
153,581,Asthma,Physical Therapy,2024-04-07
154,578,Flu,Diet Change,2023-12-08
155,917,Allergy,Exercise,2024-08-12
156,842,Diabetes,Medication,2023-10-29
157,265,Cold,Medication,2024-01-08
158,82,Flu,Exercise,2024-08-08
159,266,Cold,Exercise,2024-03-11
160,604,Asthma,Physical Therapy,2023-10-09
161,189,Back Pain,Surgery,2024-01-21
162,630,Headache,Surgery,2023-09-08
163,76,Allergy,Surgery,2024-03-14
164,806,Headache,Inhaler,2024-02-08
165,700,Back Pain,Exercise,2024-03-06
166,24,Headache,Inhaler,2024-03-07
167,828,Hypertension,Medication,2024-06-01
168,780,Asthma,Rest,2024-04-17
169,622,Asthma,Medication,2023-09-22
170,766,Hypertension,Inhaler,2023-11-30
171,659,Cold,Surgery,2024-06-23
172,948,Asthma,Medication,2023-09-14
173,719,Diabetes,Diet Change,2024-03-20
174,742,Allergy,Surgery,2024-05-26
175,483,Allergy,Inhaler,2024-07-13
176,724,Allergy,Inhaler,2024-06-10
177,372,Flu,Medication,2024-07-13
178,578,Flu,Diet Change,2023-09-08
179,772,Diabetes,Medication,2023-09-07
180,801,Cold,Exercise,2024-01-31
181,549,Headache,Inhaler,2023-12-29
182,341,Diabetes,Exercise,2023-08-21
183,337,Hypertension,Surgery,2024-06-24
184,267,Flu,Medication,2024-01-05
185,830,Headache,Diet Change,2024-07-28
186,854,Hypertension,Medication,2023-10-31
187,59,Asthma,Physical Therapy,2023-11-27
188,886,Diabetes,Rest,2024-01-22
189,433,Cold,Surgery,2024-01-05
190,512,Allergy,Inhaler,2024-07-03
191,18,Asthma,Diet Change,2023-10-27
192,133,Asthma,Medication,2023-11-11
193,552,Cold,Medication,2024-06-27
194,346,Diabetes,Inhaler,2023-12-23
195,826,Headache,Rest,2024-01-18
196,625,Diabetes,Medication,2024-07-24
197,357,Hypertension,Surgery,2024-05-23
198,513,Asthma,Medication,2023-11-13
199,722,Asthma,Inhaler,2024-01-05
200,488,Hypertension,Physical Therapy,2024-07-05
201,21,Allergy,Surgery,2023-12-22
202,562,Hypertension,Surgery,2024-05-01
203,858,Cold,Medication,2024-04-04
204,397,Flu,Surgery,2024-07-14
205,549,Flu,Physical Therapy,2024-05-01
206,535,Back Pain,Rest,2024-01-12
207,296,Allergy,Medication,2023-08-31
208,990,Flu,Rest,2024-07-07
209,939,Asthma,Rest,2023-08-30
210,833,Headache,Surgery,2024-08-08
211,328,Cold,Inhaler,2024-01-12
212,271,Back Pain,Medication,2024-06-07
213,124,Headache,Exercise,2023-09-07
214,895,Allergy,Diet Change,2023-09-17
215,180,Flu,Physical Therapy,2024-07-12
216,465,Flu,Diet Change,2024-01-27
217,265,Flu,Diet Change,2024-07-25
218,407,Back Pain,Physical Therapy,2024-05-27
219,559,Cold,Rest,2023-12-03
220,263,Flu,Diet Change,2023-09-08
221,876,Diabetes,Physical Therapy,2024-01-21
222,294,Cold,Physical Therapy,2024-01-06
223,220,Headache,Physical Therapy,2024-08-02
224,985,Asthma,Inhaler,2023-09-11
225,474,Back Pain,Inhaler,2023-09-10
226,840,Allergy,Rest,2024-01-25
227,170,Allergy,Medication,2023-12-10
228,131,Headache,Rest,2024-05-04
229,995,Allergy,Diet Change,2024-02-21
230,400,Hypertension,Inhaler,2024-05-26
231,882,Cold,Medication,2023-10-29
232,872,Cold,Diet Change,2024-02-27
233,586,Hypertension,Rest,2023-12-21
234,999,Asthma,Inhaler,2023-10-19
235,667,Asthma,Exercise,2023-09-04
236,845,Asthma,Surgery,2024-01-08
237,350,Hypertension,Rest,2023-10-13
238,744,Cold,Medication,2024-06-06
239,227,Back Pain,Exercise,2024-03-26
240,976,Headache,Medication,2024-06-22
241,754,Diabetes,Diet Change,2024-07-28
242,92,Flu,Diet Change,2024-07-19
243,482,Hypertension,Medication,2024-07-20
244,167,Hypertension,Rest,2024-08-16
245,949,Hypertension,Diet Change,2024-08-12
246,108,Back Pain,Medication,2024-01-07
247,693,Back Pain,Inhaler,2024-03-12
248,777,Flu,Rest,2024-05-30
249,319,Hypertension,Diet Change,2024-07-18
250,961,Hypertension,Exercise,2023-09-16
251,714,Asthma,Inhaler,2023-11-29
252,167,Allergy,Inhaler,2024-06-20
253,72,Asthma,Medication,2024-04-27
254,789,Hypertension,Diet Change,2024-02-03
255,26,Flu,Surgery,2024-03-19
256,998,Cold,Rest,2024-01-20
257,101,Cold,Diet Change,2024-04-19
258,871,Hypertension,Medication,2024-07-04
259,732,Cold,Physical Therapy,2024-03-19
260,643,Diabetes,Surgery,2024-03-18
261,750,Flu,Physical Therapy,2024-05-15
262,387,Back Pain,Surgery,2024-01-02
263,232,Allergy,Physical Therapy,2024-06-10
264,918,Back Pain,Exercise,2024-07-25
265,223,Hypertension,Inhaler,2024-06-23
266,497,Flu,Medication,2024-02-11
267,497,Headache,Exercise,2023-12-20
268,513,Asthma,Exercise,2024-05-15
269,747,Back Pain,Medication,2024-06-25
270,179,Flu,Medication,2023-09-23
271,624,Allergy,Inhaler,2024-01-17
272,678,Cold,Inhaler,2024-03-20
273,520,Hypertension,Physical Therapy,2024-01-28
274,700,Asthma,Surgery,2024-01-26
275,612,Hypertension,Rest,2024-05-04
276,316,Diabetes,Medication,2024-04-09
277,423,Allergy,Physical Therapy,2024-02-17
278,857,Flu,Medication,2023-11-08
279,112,Asthma,Rest,2023-11-16
280,141,Headache,Physical Therapy,2024-02-08
281,9,Back Pain,Physical Therapy,2023-10-02
282,611,Asthma,Inhaler,2023-11-20
283,944,Flu,Medication,2023-12-03
284,186,Diabetes,Surgery,2024-07-21
285,197,Asthma,Medication,2023-12-31
286,445,Diabetes,Surgery,2024-04-07
287,673,Diabetes,Exercise,2023-11-18
288,81,Diabetes,Exercise,2023-10-21
289,131,Cold,Exercise,2024-06-13
290,756,Hypertension,Diet Change,2023-12-28
291,194,Hypertension,Diet Change,2023-10-13
292,528,Flu,Physical Therapy,2024-01-19
293,135,Headache,Diet Change,2024-01-12
294,701,Headache,Physical Therapy,2023-08-22
295,441,Allergy,Rest,2024-06-22
296,496,Allergy,Medication,2023-09-30
297,918,Allergy,Medication,2024-07-12
298,641,Diabetes,Exercise,2023-09-24
299,321,Diabetes,Rest,2024-06-10
300,127,Flu,Medication,2023-11-29
301,296,Headache,Inhaler,2024-07-18
302,4,Cold,Inhaler,2024-03-01
303,563,Headache,Surgery,2023-09-22
304,935,Flu,Rest,2024-07-10
305,484,Asthma,Physical Therapy,2024-02-02
306,730,Asthma,Diet Change,2024-08-15
307,932,Headache,Inhaler,2023-11-01
308,500,Cold,Physical Therapy,2023-09-16
309,473,Back Pain,Surgery,2024-02-08
310,689,Headache,Exercise,2024-04-29
311,607,Diabetes,Exercise,2024-01-26
312,550,Back Pain,Diet Change,2024-04-01
313,810,Hypertension,Medication,2024-01-21
314,668,Hypertension,Rest,2023-11-12
315,224,Diabetes,Rest,2024-05-13
316,577,Cold,Medication,2024-05-26
317,807,Allergy,Diet Change,2024-02-10
318,247,Cold,Physical Therapy,2023-11-02
319,939,Back Pain,Physical Therapy,2024-04-26
320,792,Asthma,Diet Change,2023-10-21
321,26,Back Pain,Diet Change,2024-01-22
322,668,Hypertension,Physical Therapy,2024-07-31
323,549,Diabetes,Physical Therapy,2023-10-23
324,424,Cold,Medication,2024-01-02
325,35,Hypertension,Inhaler,2024-05-21
326,52,Headache,Rest,2024-02-07
327,649,Headache,Surgery,2023-12-06
328,549,Hypertension,Medication,2023-11-19
329,388,Asthma,Exercise,2023-12-02
330,838,Diabetes,Exercise,2024-05-09
331,212,Allergy,Exercise,2024-05-23
332,303,Cold,Medication,2024-07-22
333,606,Back Pain,Surgery,2024-06-09
334,917,Diabetes,Exercise,2023-11-09
335,557,Headache,Exercise,2023-12-07
336,713,Headache,Rest,2024-03-21
337,485,Asthma,Inhaler,2024-07-31
338,11,Allergy,Medication,2024-05-02
339,943,Diabetes,Surgery,2023-10-04
340,429,Diabetes,Medication,2024-07-12
341,787,Allergy,Diet Change,2024-06-28
342,336,Allergy,Surgery,2024-06-27
343,326,Back Pain,Rest,2024-01-30
344,370,Asthma,Surgery,2023-11-26
345,183,Headache,Rest,2023-08-29
346,541,Headache,Medication,2023-10-19
347,295,Diabetes,Inhaler,2024-08-11
348,883,Cold,Diet Change,2023-09-07
349,115,Hypertension,Diet Change,2024-08-04
350,832,Hypertension,Diet Change,2024-03-12
351,185,Allergy,Medication,2023-10-10
352,515,Flu,Diet Change,2023-10-23
353,706,Back Pain,Rest,2023-10-08
354,352,Diabetes,Physical Therapy,2023-11-27
355,385,Hypertension,Diet Change,2024-04-17
356,288,Allergy,Diet Change,2024-01-14
357,331,Hypertension,Rest,2024-01-12
358,664,Diabetes,Medication,2023-09-05
359,523,Hypertension,Rest,2024-01-16
360,123,Cold,Physical Therapy,2024-04-01
361,124,Headache,Physical Therapy,2024-06-25
362,280,Flu,Diet Change,2024-07-06
363,323,Back Pain,Rest,2024-07-14
364,924,Hypertension,Surgery,2024-05-31
365,340,Back Pain,Physical Therapy,2023-10-07
366,224,Flu,Exercise,2023-09-11
367,306,Flu,Rest,2023-08-21
368,701,Cold,Diet Change,2023-12-28
369,212,Flu,Rest,2024-02-05
370,117,Allergy,Medication,2023-09-04
371,309,Diabetes,Exercise,2024-07-24
372,13,Hypertension,Rest,2024-06-04
373,692,Headache,Medication,2024-02-04
374,697,Hypertension,Physical Therapy,2024-07-05
375,294,Allergy,Diet Change,2023-11-13
376,208,Asthma,Inhaler,2024-07-18
377,396,Hypertension,Inhaler,2023-08-26
378,286,Back Pain,Exercise,2024-03-21
379,580,Allergy,Physical Therapy,2024-01-23
380,327,Flu,Inhaler,2024-01-07
381,8,Flu,Exercise,2024-03-07
382,342,Flu,Surgery,2024-03-24
383,394,Hypertension,Rest,2024-04-22
384,980,Asthma,Medication,2024-02-16
385,363,Diabetes,Physical Therapy,2024-03-14
386,438,Flu,Diet Change,2024-07-29
387,798,Back Pain,Rest,2024-02-20
388,129,Hypertension,Diet Change,2024-01-23
389,379,Headache,Surgery,2024-02-20
390,607,Cold,Physical Therapy,2024-06-06
391,625,Flu,Physical Therapy,2023-11-24
392,167,Back Pain,Physical Therapy,2024-05-14
393,504,Flu,Medication,2023-11-17
394,318,Headache,Surgery,2024-01-28
395,654,Allergy,Medication,2023-09-02
396,14,Headache,Exercise,2024-05-20
397,141,Allergy,Rest,2024-06-18
398,208,Back Pain,Exercise,2024-03-16
399,963,Flu,Exercise,2024-08-16
400,596,Flu,Medication,2024-05-15
401,968,Headache,Diet Change,2024-04-04
402,680,Diabetes,Surgery,2024-02-11
403,352,Cold,Physical Therapy,2024-05-30
404,44,Cold,Rest,2024-07-27
405,453,Headache,Medication,2023-10-11
406,650,Asthma,Medication,2023-10-03
407,269,Flu,Rest,2024-04-17
408,597,Cold,Rest,2023-10-27
409,588,Back Pain,Medication,2023-10-04
410,737,Back Pain,Medication,2023-10-07
411,461,Asthma,Exercise,2023-10-24
412,606,Asthma,Rest,2024-01-31
413,578,Allergy,Medication,2024-02-24
414,240,Allergy,Inhaler,2023-11-03
415,588,Allergy,Physical Therapy,2023-08-31
416,750,Cold,Exercise,2023-09-29
417,580,Headache,Exercise,2024-06-05
418,166,Back Pain,Exercise,2024-04-26
419,855,Cold,Physical Therapy,2024-02-20
420,920,Diabetes,Medication,2023-08-23
421,467,Flu,Diet Change,2024-02-28
422,534,Allergy,Rest,2023-09-28
423,95,Headache,Diet Change,2023-12-15
424,554,Diabetes,Diet Change,2024-04-26
425,956,Allergy,Physical Therapy,2023-12-05
426,775,Cold,Physical Therapy,2024-08-09
427,368,Diabetes,Exercise,2024-03-18
428,613,Headache,Inhaler,2023-08-27
429,447,Flu,Inhaler,2024-03-10
430,675,Allergy,Inhaler,2024-02-10
431,961,Hypertension,Surgery,2023-12-05
432,319,Diabetes,Rest,2023-12-07
433,907,Hypertension,Medication,2024-02-13
434,376,Hypertension,Physical Therapy,2024-06-11
435,97,Hypertension,Surgery,2023-11-26
436,174,Back Pain,Inhaler,2023-09-07
437,686,Back Pain,Surgery,2024-01-10
438,554,Cold,Physical Therapy,2023-11-06
439,726,Allergy,Rest,2023-08-29
440,258,Cold,Inhaler,2024-03-20
441,169,Headache,Physical Therapy,2024-07-30
442,472,Allergy,Diet Change,2024-05-31
443,581,Allergy,Rest,2024-06-22
444,138,Allergy,Rest,2024-08-03
445,559,Diabetes,Physical Therapy,2024-03-31
446,951,Cold,Surgery,2023-10-16
447,840,Headache,Rest,2023-12-26
448,938,Hypertension,Rest,2024-07-01
449,459,Asthma,Rest,2024-04-27
450,253,Hypertension,Diet Change,2024-03-15
451,991,Asthma,Exercise,2024-01-14
452,259,Headache,Exercise,2024-05-20
453,568,Diabetes,Diet Change,2024-03-04
454,3,Allergy,Diet Change,2024-07-03
455,655,Cold,Inhaler,2023-09-20
456,730,Allergy,Medication,2024-02-25
457,341,Headache,Rest,2024-01-20
458,970,Headache,Inhaler,2024-07-01
459,829,Allergy,Physical Therapy,2024-07-21
460,892,Diabetes,Exercise,2023-11-21
461,101,Diabetes,Diet Change,2023-11-25
462,337,Back Pain,Medication,2023-10-02
463,261,Asthma,Rest,2024-03-06
464,55,Allergy,Exercise,2023-08-26
465,679,Headache,Rest,2024-07-04
466,290,Back Pain,Medication,2024-06-10
467,434,Allergy,Diet Change,2024-07-02
468,970,Allergy,Physical Therapy,2024-07-14
469,673,Headache,Exercise,2023-10-09
470,334,Flu,Diet Change,2024-08-11
471,192,Cold,Physical Therapy,2024-07-06
472,348,Cold,Exercise,2024-07-05
473,696,Diabetes,Surgery,2024-06-30
474,537,Flu,Diet Change,2023-09-19
475,471,Flu,Exercise,2024-07-15
476,511,Asthma,Rest,2024-06-03
477,587,Allergy,Surgery,2024-02-07
478,161,Cold,Physical Therapy,2023-09-13
479,282,Back Pain,Exercise,2024-05-08
480,978,Asthma,Medication,2024-03-21
481,261,Hypertension,Exercise,2024-03-20
482,947,Hypertension,Rest,2024-05-29
483,446,Flu,Rest,2024-02-16
484,193,Back Pain,Diet Change,2024-03-01
485,804,Hypertension,Surgery,2024-03-26
486,800,Allergy,Inhaler,2023-09-10
487,105,Back Pain,Inhaler,2023-12-24
488,440,Headache,Medication,2023-11-07
489,771,Asthma,Surgery,2024-02-07
490,286,Asthma,Surgery,2024-07-19
491,851,Diabetes,Diet Change,2024-02-15
492,27,Cold,Surgery,2024-07-05
493,529,Headache,Exercise,2023-08-23
494,615,Asthma,Exercise,2023-12-24
495,415,Flu,Physical Therapy,2023-12-10
496,625,Allergy,Medication,2023-10-02
497,720,Flu,Medication,2024-02-22
498,429,Flu,Medication,2024-01-12
499,763,Asthma,Surgery,2023-12-30
500,178,Headache,Exercise,2024-04-14
501,761,Asthma,Medication,2024-02-16
502,286,Cold,Inhaler,2024-02-12
503,671,Allergy,Exercise,2024-08-16
504,761,Back Pain,Rest,2024-06-29
505,185,Cold,Inhaler,2024-02-14
506,120,Cold,Surgery,2023-10-23
507,461,Diabetes,Rest,2023-11-13
508,725,Hypertension,Medication,2023-12-29
509,316,Headache,Inhaler,2023-10-03
510,202,Flu,Physical Therapy,2024-06-20
511,28,Diabetes,Rest,2024-02-13
512,389,Diabetes,Medication,2023-11-06
513,50,Hypertension,Medication,2024-06-30
514,893,Back Pain,Diet Change,2024-08-09
515,738,Cold,Medication,2024-01-09
516,112,Hypertension,Physical Therapy,2023-12-20
517,981,Cold,Rest,2023-12-27
518,955,Flu,Rest,2024-02-06
519,719,Headache,Inhaler,2023-11-22
520,859,Hypertension,Medication,2024-06-27
521,983,Allergy,Exercise,2023-11-10
522,312,Headache,Medication,2024-02-08
523,641,Asthma,Inhaler,2024-06-02
524,66,Diabetes,Surgery,2024-04-01
525,601,Allergy,Inhaler,2024-03-07
526,92,Asthma,Exercise,2023-10-02
527,206,Allergy,Physical Therapy,2024-01-31
528,208,Allergy,Diet Change,2024-03-02
529,950,Flu,Surgery,2023-11-06
530,995,Cold,Diet Change,2024-07-16
531,905,Back Pain,Surgery,2023-08-27
532,434,Allergy,Physical Therapy,2023-10-13
533,219,Back Pain,Surgery,2024-04-24
534,615,Allergy,Exercise,2024-06-17
535,298,Headache,Physical Therapy,2023-10-05
536,524,Back Pain,Physical Therapy,2024-07-23
537,797,Flu,Rest,2024-05-17
538,645,Headache,Medication,2023-11-07
539,840,Back Pain,Medication,2023-12-30
540,492,Flu,Exercise,2023-12-19
541,970,Asthma,Surgery,2024-03-25
542,680,Flu,Medication,2024-07-14
543,216,Back Pain,Surgery,2024-06-13
544,444,Headache,Medication,2024-08-06
545,739,Allergy,Inhaler,2024-04-04
546,28,Back Pain,Surgery,2024-06-02
547,491,Hypertension,Inhaler,2024-04-17
548,163,Allergy,Medication,2024-07-28
549,834,Back Pain,Medication,2024-06-22
550,815,Allergy,Surgery,2024-03-26
551,737,Diabetes,Inhaler,2023-11-17
552,436,Flu,Surgery,2024-02-08
553,945,Hypertension,Exercise,2023-09-10
554,687,Diabetes,Rest,2023-12-24
555,287,Headache,Physical Therapy,2024-05-19
556,124,Back Pain,Diet Change,2024-01-20
557,277,Flu,Inhaler,2023-11-27
558,931,Allergy,Inhaler,2024-01-13
559,571,Asthma,Medication,2024-06-24
560,918,Cold,Inhaler,2023-11-21
561,274,Back Pain,Inhaler,2024-05-04
562,536,Back Pain,Inhaler,2023-09-25
563,287,Diabetes,Diet Change,2024-05-05
564,444,Flu,Physical Therapy,2024-04-15
565,781,Headache,Exercise,2023-12-16
566,361,Back Pain,Physical Therapy,2024-03-15
567,468,Back Pain,Surgery,2024-07-10
568,738,Back Pain,Exercise,2024-02-16
569,111,Back Pain,Diet Change,2024-07-01
570,825,Allergy,Physical Therapy,2023-10-18
571,765,Back Pain,Exercise,2024-05-15
572,845,Hypertension,Exercise,2023-10-11
573,410,Diabetes,Surgery,2024-04-04
574,756,Cold,Diet Change,2024-04-14
575,384,Hypertension,Physical Therapy,2024-08-05
576,385,Cold,Rest,2024-07-03
577,81,Cold,Surgery,2023-12-26
578,277,Asthma,Diet Change,2024-01-01
579,857,Flu,Physical Therapy,2023-11-17
580,806,Asthma,Physical Therapy,2023-09-30
581,592,Hypertension,Surgery,2023-10-21
582,979,Back Pain,Medication,2024-06-11
583,630,Flu,Medication,2023-11-26
584,290,Cold,Physical Therapy,2024-06-20
585,685,Back Pain,Medication,2023-12-08
586,37,Diabetes,Inhaler,2024-05-08
587,26,Headache,Diet Change,2024-04-15
588,680,Allergy,Surgery,2024-01-05
589,149,Allergy,Surgery,2023-11-14
590,269,Asthma,Inhaler,2024-06-21
591,326,Hypertension,Rest,2023-10-08
592,236,Asthma,Inhaler,2024-06-20
593,141,Allergy,Rest,2023-12-19
594,942,Flu,Medication,2024-06-08
595,662,Cold,Exercise,2024-04-04
596,651,Back Pain,Medication,2024-07-31
597,537,Diabetes,Surgery,2023-11-16
598,159,Diabetes,Surgery,2023-10-19
599,520,Diabetes,Surgery,2024-01-16
600,214,Cold,Physical Therapy,2024-04-28
601,840,Flu,Rest,2023-11-22
602,620,Cold,Diet Change,2024-01-04
603,123,Allergy,Physical Therapy,2024-04-27
604,307,Asthma,Exercise,2023-10-14
605,506,Back Pain,Physical Therapy,2024-02-24
606,156,Diabetes,Physical Therapy,2024-03-26
607,415,Hypertension,Diet Change,2024-02-12
608,610,Headache,Exercise,2024-05-15
609,864,Back Pain,Surgery,2024-08-02
610,357,Flu,Diet Change,2024-04-14
611,912,Diabetes,Inhaler,2023-10-24
612,517,Back Pain,Diet Change,2023-10-06
613,280,Diabetes,Surgery,2024-03-24
614,427,Back Pain,Surgery,2023-11-05
615,132,Hypertension,Exercise,2023-08-23
616,60,Back Pain,Inhaler,2023-09-29
617,289,Asthma,Diet Change,2024-05-21
618,703,Hypertension,Inhaler,2024-03-16
619,687,Flu,Medication,2024-08-13
620,607,Headache,Medication,2023-10-22
621,742,Headache,Surgery,2024-01-05
622,701,Hypertension,Surgery,2023-10-15
623,499,Headache,Exercise,2024-01-15
624,523,Flu,Physical Therapy,2023-10-08
625,223,Cold,Diet Change,2024-02-10
626,976,Diabetes,Inhaler,2023-09-25
627,425,Diabetes,Diet Change,2024-04-02
628,659,Hypertension,Surgery,2024-06-19
629,171,Back Pain,Rest,2024-04-02
630,918,Flu,Inhaler,2023-10-18
631,465,Cold,Medication,2024-01-09
632,973,Back Pain,Exercise,2024-08-09
633,862,Asthma,Surgery,2024-04-19
634,159,Back Pain,Diet Change,2024-04-16
635,922,Allergy,Surgery,2024-04-10
636,618,Hypertension,Surgery,2024-04-03
637,911,Diabetes,Surgery,2024-06-20
638,170,Hypertension,Diet Change,2024-05-06
639,897,Headache,Surgery,2024-08-03
640,235,Diabetes,Diet Change,2024-01-01
641,820,Back Pain,Physical Therapy,2024-05-17
642,774,Headache,Medication,2024-05-09
643,639,Asthma,Rest,2024-05-21
644,573,Headache,Inhaler,2023-12-02
645,781,Back Pain,Diet Change,2024-06-25
646,260,Asthma,Surgery,2023-11-15
647,366,Hypertension,Exercise,2024-04-24
648,825,Asthma,Surgery,2024-04-22
649,252,Flu,Rest,2023-09-15
650,350,Back Pain,Medication,2024-06-07
651,752,Flu,Exercise,2024-07-04
652,334,Allergy,Exercise,2024-05-06
653,184,Flu,Physical Therapy,2024-06-08
654,487,Back Pain,Physical Therapy,2024-01-31
655,82,Flu,Exercise,2023-11-05
656,543,Diabetes,Diet Change,2024-08-04
657,23,Cold,Medication,2023-12-07
658,127,Hypertension,Inhaler,2023-11-10
659,533,Back Pain,Inhaler,2024-01-13
660,584,Headache,Inhaler,2023-10-03
661,507,Flu,Physical Therapy,2024-02-26
662,328,Diabetes,Medication,2024-05-16
663,333,Headache,Medication,2023-09-19
664,841,Headache,Inhaler,2024-02-04
665,368,Headache,Physical Therapy,2024-01-03
666,789,Flu,Diet Change,2024-05-23
667,376,Diabetes,Surgery,2024-07-24
668,692,Allergy,Physical Therapy,2023-09-18
669,896,Headache,Medication,2023-10-27
670,852,Headache,Rest,2024-08-17
671,560,Hypertension,Medication,2024-08-07
672,565,Back Pain,Rest,2024-03-03
673,933,Back Pain,Surgery,2024-07-13
674,753,Flu,Diet Change,2024-04-21
675,613,Flu,Diet Change,2023-11-28
676,854,Flu,Rest,2023-11-09
677,824,Allergy,Exercise,2023-08-20
678,602,Allergy,Diet Change,2024-02-10
679,265,Hypertension,Rest,2023-12-23
680,355,Hypertension,Rest,2023-12-20
681,561,Asthma,Surgery,2024-06-28
682,86,Asthma,Inhaler,2024-08-02
683,103,Back Pain,Surgery,2024-01-07
684,544,Cold,Physical Therapy,2024-06-19
685,786,Diabetes,Diet Change,2023-09-12
686,528,Flu,Exercise,2023-12-14
687,854,Cold,Diet Change,2024-08-01
688,837,Allergy,Physical Therapy,2023-11-20
689,279,Diabetes,Surgery,2024-02-04
690,341,Asthma,Medication,2024-02-04
691,84,Flu,Rest,2023-12-21
692,278,Hypertension,Surgery,2023-11-27
693,40,Cold,Exercise,2024-05-08
694,507,Flu,Surgery,2023-12-11
695,758,Hypertension,Physical Therapy,2024-04-08
696,332,Hypertension,Surgery,2024-01-22
697,809,Back Pain,Inhaler,2024-07-01
698,384,Headache,Medication,2024-05-07
699,992,Flu,Surgery,2024-07-14
700,792,Headache,Rest,2024-04-03
701,172,Hypertension,Diet Change,2024-07-06
702,630,Headache,Diet Change,2023-09-01
703,684,Cold,Physical Therapy,2024-08-04
704,803,Flu,Surgery,2024-08-05
705,266,Back Pain,Rest,2024-04-01
706,559,Back Pain,Medication,2024-01-28
707,370,Back Pain,Surgery,2023-08-26
708,326,Allergy,Surgery,2024-04-07
709,600,Asthma,Inhaler,2024-04-28
710,965,Headache,Inhaler,2024-04-06
711,718,Back Pain,Rest,2023-11-10
712,310,Headache,Surgery,2024-02-13
713,543,Diabetes,Medication,2024-01-16
714,923,Hypertension,Exercise,2024-08-01
715,927,Asthma,Physical Therapy,2024-06-20
716,801,Hypertension,Diet Change,2024-05-18
717,524,Diabetes,Rest,2024-05-11
718,31,Diabetes,Surgery,2024-05-04
719,927,Allergy,Surgery,2024-06-16
720,275,Allergy,Surgery,2024-05-23
721,991,Headache,Inhaler,2023-11-26
722,839,Flu,Rest,2024-02-18
723,436,Asthma,Medication,2023-10-05
724,46,Headache,Surgery,2024-05-20
725,972,Cold,Diet Change,2024-01-04
726,603,Cold,Exercise,2024-06-03
727,765,Headache,Exercise,2023-09-06
728,747,Asthma,Surgery,2023-11-10
729,552,Headache,Rest,2023-09-02
730,943,Allergy,Physical Therapy,2023-11-28
731,357,Headache,Exercise,2024-04-10
732,115,Asthma,Surgery,2024-01-09
733,77,Back Pain,Inhaler,2024-02-05
734,64,Cold,Physical Therapy,2023-09-06
735,533,Diabetes,Inhaler,2024-01-10
736,995,Allergy,Surgery,2023-10-09
737,908,Cold,Physical Therapy,2023-09-20
738,975,Flu,Exercise,2023-10-11
739,964,Asthma,Exercise,2023-10-30
740,462,Headache,Physical Therapy,2024-05-22
741,956,Back Pain,Exercise,2024-07-15
742,823,Hypertension,Exercise,2023-10-09
743,714,Headache,Physical Therapy,2024-05-16
744,18,Allergy,Rest,2024-03-23
745,325,Asthma,Medication,2023-12-28
746,822,Flu,Diet Change,2024-08-07
747,48,Cold,Surgery,2024-04-17
748,503,Headache,Inhaler,2024-04-10
749,626,Headache,Diet Change,2024-04-05
750,509,Back Pain,Rest,2024-06-26
751,348,Hypertension,Exercise,2024-07-24
752,421,Asthma,Surgery,2024-03-03
753,281,Hypertension,Exercise,2024-06-01
754,936,Headache,Exercise,2023-12-07
755,716,Flu,Exercise,2023-11-15
756,793,Hypertension,Exercise,2024-05-19
757,298,Hypertension,Surgery,2024-04-07
758,883,Allergy,Diet Change,2023-12-22
759,2,Flu,Diet Change,2024-06-01
760,645,Cold,Exercise,2024-06-17
761,213,Back Pain,Physical Therapy,2024-01-19
762,224,Headache,Inhaler,2024-02-18
763,148,Hypertension,Physical Therapy,2024-04-30
764,488,Headache,Inhaler,2024-07-12
765,420,Headache,Inhaler,2024-02-10
766,630,Headache,Exercise,2023-11-16
767,151,Allergy,Surgery,2024-07-11
768,219,Headache,Medication,2024-01-27
769,74,Headache,Surgery,2024-02-21
770,225,Allergy,Rest,2024-07-17
771,34,Hypertension,Medication,2023-12-29
772,660,Flu,Inhaler,2024-02-01
773,435,Flu,Physical Therapy,2023-12-22
774,632,Allergy,Surgery,2023-11-21
775,411,Diabetes,Inhaler,2023-11-25
776,997,Headache,Inhaler,2024-06-28
777,420,Flu,Diet Change,2024-07-19
778,466,Flu,Rest,2024-02-14
779,994,Asthma,Inhaler,2024-07-08
780,75,Cold,Physical Therapy,2024-07-11
781,539,Cold,Physical Therapy,2024-04-18
782,131,Cold,Rest,2023-08-26
783,87,Back Pain,Diet Change,2023-09-16
784,735,Asthma,Surgery,2024-01-28
785,144,Headache,Surgery,2023-12-13
786,712,Back Pain,Physical Therapy,2024-04-29
787,214,Hypertension,Rest,2024-06-05
788,208,Flu,Rest,2023-11-25
789,733,Flu,Rest,2024-04-06
790,775,Diabetes,Rest,2024-02-26
791,930,Asthma,Diet Change,2024-04-24
792,509,Cold,Diet Change,2023-09-04
793,751,Allergy,Physical Therapy,2023-12-15
794,785,Allergy,Physical Therapy,2024-07-23
795,763,Diabetes,Medication,2024-06-16
796,122,Hypertension,Diet Change,2024-02-07
797,686,Diabetes,Inhaler,2023-10-08
798,237,Hypertension,Rest,2023-11-16
799,795,Flu,Inhaler,2024-01-10
800,322,Diabetes,Physical Therapy,2024-08-11
801,439,Diabetes,Medication,2023-12-16
802,111,Allergy,Surgery,2024-07-06
803,204,Flu,Exercise,2024-05-14
804,525,Diabetes,Diet Change,2023-08-21
805,877,Back Pain,Surgery,2024-05-24
806,457,Back Pain,Diet Change,2024-04-12
807,284,Allergy,Exercise,2023-11-05
808,942,Headache,Rest,2024-03-29
809,323,Asthma,Medication,2023-09-01
810,959,Headache,Diet Change,2024-02-09
811,67,Allergy,Surgery,2024-02-09
812,844,Flu,Inhaler,2023-09-20
813,756,Allergy,Physical Therapy,2024-03-01
814,266,Flu,Exercise,2024-04-14
815,674,Cold,Diet Change,2024-05-23
816,70,Cold,Inhaler,2024-02-28
817,708,Allergy,Exercise,2024-02-14
818,524,Hypertension,Exercise,2024-01-01
819,631,Hypertension,Exercise,2023-12-17
820,291,Hypertension,Physical Therapy,2024-05-10
821,915,Cold,Rest,2023-09-15
822,928,Headache,Rest,2024-05-16
823,13,Flu,Medication,2023-09-09
824,625,Allergy,Physical Therapy,2024-03-04
825,734,Back Pain,Exercise,2024-04-13
826,150,Back Pain,Diet Change,2024-06-30
827,402,Diabetes,Rest,2024-04-22
828,114,Headache,Diet Change,2024-06-26
829,964,Flu,Medication,2024-02-21
830,862,Headache,Medication,2024-02-09
831,929,Flu,Physical Therapy,2024-08-04
832,183,Flu,Exercise,2023-09-05
833,340,Diabetes,Physical Therapy,2023-09-13
834,374,Cold,Diet Change,2023-11-29
835,56,Flu,Diet Change,2024-04-25
836,706,Back Pain,Surgery,2024-02-12
837,748,Cold,Rest,2024-05-13
838,352,Allergy,Surgery,2024-03-31
839,309,Cold,Medication,2024-05-22
840,134,Hypertension,Physical Therapy,2023-09-30
841,653,Diabetes,Exercise,2023-12-18
842,267,Allergy,Diet Change,2024-04-25
843,758,Asthma,Inhaler,2024-06-15
844,955,Asthma,Medication,2024-06-30
845,413,Headache,Diet Change,2024-07-03
846,32,Headache,Rest,2024-08-02
847,121,Diabetes,Diet Change,2023-11-13
848,585,Flu,Inhaler,2024-03-02
849,410,Asthma,Medication,2024-01-23
850,652,Headache,Medication,2024-07-28
851,335,Diabetes,Rest,2023-08-24
852,914,Headache,Diet Change,2024-07-26
853,782,Diabetes,Diet Change,2024-06-11
854,885,Hypertension,Inhaler,2023-10-15
855,415,Allergy,Exercise,2024-03-15
856,153,Asthma,Rest,2024-02-25
857,978,Cold,Diet Change,2023-12-29
858,596,Allergy,Diet Change,2024-01-18
859,538,Asthma,Inhaler,2024-01-04
860,471,Diabetes,Rest,2023-11-27
861,741,Diabetes,Diet Change,2023-09-20
862,923,Cold,Exercise,2024-02-11
863,117,Allergy,Rest,2024-04-25
864,55,Allergy,Exercise,2024-02-14
865,9,Asthma,Inhaler,2024-06-01
866,262,Back Pain,Rest,2023-10-14
867,341,Cold,Rest,2023-11-20
868,346,Flu,Surgery,2024-06-05
869,99,Allergy,Surgery,2024-04-17
870,535,Diabetes,Medication,2024-07-16
871,278,Diabetes,Exercise,2024-02-11
872,336,Hypertension,Physical Therapy,2024-05-16
873,676,Allergy,Surgery,2023-11-18
874,494,Flu,Exercise,2024-07-01
875,719,Headache,Surgery,2024-04-16
876,360,Allergy,Physical Therapy,2023-10-18
877,961,Asthma,Rest,2024-08-18
878,649,Back Pain,Surgery,2024-01-21
879,937,Headache,Diet Change,2023-09-22
880,370,Flu,Medication,2024-07-26
881,9,Flu,Rest,2024-06-10
882,151,Asthma,Inhaler,2024-05-09
883,277,Asthma,Exercise,2024-01-16
884,51,Flu,Inhaler,2024-06-22
885,854,Asthma,Medication,2024-05-30
886,25,Back Pain,Rest,2023-10-05
887,996,Asthma,Rest,2024-01-21
888,387,Hypertension,Diet Change,2024-03-24
889,564,Back Pain,Diet Change,2024-02-09
890,158,Flu,Surgery,2024-04-16
891,214,Diabetes,Rest,2024-05-25
892,344,Flu,Physical Therapy,2024-01-29
893,554,Asthma,Diet Change,2024-03-17
894,41,Diabetes,Surgery,2023-08-26
895,568,Back Pain,Medication,2024-03-21
896,295,Asthma,Medication,2024-01-06
897,775,Cold,Medication,2024-07-26
898,93,Cold,Inhaler,2024-01-26
899,503,Diabetes,Diet Change,2023-09-16
900,187,Asthma,Surgery,2023-11-24
901,391,Flu,Rest,2023-12-29
902,233,Allergy,Rest,2023-10-25
903,884,Hypertension,Surgery,2023-10-21
904,465,Cold,Surgery,2024-04-07
905,184,Flu,Surgery,2023-08-22
906,300,Headache,Exercise,2023-10-08
907,324,Asthma,Medication,2024-04-18
908,441,Flu,Inhaler,2023-11-09
909,744,Headache,Rest,2024-05-18
910,714,Headache,Exercise,2024-04-15
911,672,Asthma,Physical Therapy,2024-04-28
912,333,Asthma,Physical Therapy,2024-02-02
913,759,Hypertension,Surgery,2023-11-24
914,507,Cold,Surgery,2024-06-24
915,130,Back Pain,Diet Change,2023-09-11
916,742,Asthma,Exercise,2024-03-31
917,4,Flu,Exercise,2023-10-12
918,769,Flu,Surgery,2024-01-16
919,866,Headache,Diet Change,2024-01-13
920,998,Hypertension,Medication,2023-09-24
921,736,Cold,Exercise,2023-11-04
922,862,Allergy,Rest,2024-05-14
923,141,Flu,Medication,2024-02-27
924,667,Flu,Rest,2023-10-25
925,125,Cold,Diet Change,2024-06-06
926,147,Diabetes,Medication,2024-04-30
927,898,Flu,Inhaler,2024-08-11
928,730,Flu,Surgery,2024-08-11
929,382,Diabetes,Surgery,2023-10-31
930,523,Cold,Surgery,2024-05-26
931,309,Flu,Exercise,2024-08-07
932,430,Headache,Surgery,2024-06-18
933,796,Back Pain,Inhaler,2023-10-13
934,341,Allergy,Physical Therapy,2024-03-02
935,462,Allergy,Medication,2024-07-06
936,845,Flu,Physical Therapy,2024-06-01
937,33,Flu,Medication,2024-06-16
938,676,Diabetes,Medication,2023-11-27
939,284,Hypertension,Rest,2023-10-19
940,258,Asthma,Exercise,2024-02-22
941,571,Cold,Surgery,2023-09-16
942,821,Flu,Exercise,2024-02-21
943,31,Back Pain,Physical Therapy,2023-11-29
944,556,Headache,Rest,2024-01-18
945,314,Flu,Rest,2023-12-31
946,73,Cold,Medication,2024-04-14
947,330,Hypertension,Diet Change,2023-12-29
948,540,Allergy,Diet Change,2023-10-10
949,292,Cold,Rest,2024-04-15
950,222,Diabetes,Surgery,2024-03-20
951,62,Allergy,Inhaler,2024-07-14
952,186,Diabetes,Surgery,2023-10-07
953,808,Asthma,Rest,2024-05-30
954,896,Allergy,Physical Therapy,2023-09-22
955,810,Back Pain,Medication,2024-05-06
956,164,Allergy,Exercise,2023-12-28
957,676,Diabetes,Medication,2023-11-10
958,921,Allergy,Inhaler,2024-07-14
959,263,Allergy,Surgery,2023-12-12
960,810,Flu,Physical Therapy,2023-10-01
961,795,Allergy,Surgery,2023-10-17
962,432,Asthma,Physical Therapy,2023-10-14
963,97,Asthma,Medication,2024-03-01
964,503,Asthma,Medication,2024-06-12
965,151,Cold,Surgery,2024-04-19
966,120,Headache,Inhaler,2023-11-16
967,371,Flu,Medication,2023-12-26
968,212,Diabetes,Medication,2023-08-27
969,563,Diabetes,Diet Change,2024-07-13
970,510,Asthma,Surgery,2024-03-28
971,228,Flu,Surgery,2024-04-29
972,654,Diabetes,Rest,2024-06-28
973,136,Back Pain,Rest,2024-01-05
974,513,Flu,Physical Therapy,2023-11-01
975,631,Back Pain,Exercise,2023-11-27
976,363,Asthma,Surgery,2023-11-23
977,686,Hypertension,Rest,2023-10-21
978,663,Headache,Physical Therapy,2023-12-12
979,258,Diabetes,Exercise,2024-05-27
980,184,Cold,Physical Therapy,2023-10-26
981,590,Diabetes,Diet Change,2023-12-21
982,824,Back Pain,Medication,2024-05-11
983,873,Headache,Inhaler,2024-06-30
984,355,Back Pain,Exercise,2024-06-16
985,701,Hypertension,Surgery,2024-01-10
986,379,Cold,Physical Therapy,2024-01-11
987,201,Diabetes,Surgery,2023-12-10
988,491,Allergy,Medication,2024-05-15
989,916,Asthma,Physical Therapy,2023-09-16
990,143,Headache,Diet Change,2023-10-16
991,499,Asthma,Medication,2023-11-23
992,246,Hypertension,Medication,2023-09-11
993,204,Flu,Physical Therapy,2023-11-10
994,43,Allergy,Medication,2023-09-04
995,539,Hypertension,Surgery,2024-03-11
996,590,Diabetes,Physical Therapy,2024-04-20
997,34,Diabetes,Inhaler,2023-11-23
998,141,Hypertension,Inhaler,2023-08-20
999,614,Back Pain,Exercise,2024-03-10
1000,964,Flu,Rest,2023-10-25
