patient_id,name,age,gender,address,record_id,diagnosis,treament,date_of_visit,total_treatment_cost,bill_id,treatment_cost,payment_status
4,Michael Sanders,77,M,"1744 Reeves Rest, Emilyville, OR 35147",302,Cold,Inhaler,2024-03-01,5158.639999999999,663,3959.89,Unpaid
4,Michael Sanders,77,M,"1744 Reeves Rest, Emilyville, OR 35147",302,Cold,Inhaler,2024-03-01,5158.639999999999,678,1198.75,Paid
4,Michael Sanders,77,M,"1744 Reeves Rest, Emilyville, OR 35147",917,Flu,Exercise,2023-10-12,5158.639999999999,663,3959.89,Unpaid
4,Michael Sanders,77,M,"1744 Reeves Rest, Emilyville, OR 35147",917,Flu,Exercise,2023-10-12,5158.639999999999,678,1198.75,Paid
7,Michelle Villa,60,F,"53040 Barry Meadows, Espinozahaven, NV 71767",139,Diabetes,Medication,2023-11-05,4651.4400000000005,408,3936.42,Pending
7,Michelle Villa,60,F,"53040 Barry Meadows, Espinozahaven, NV 71767",139,Diabetes,Medication,2023-11-05,4651.4400000000005,566,715.02,Paid
8,Catherine Bowers,54,M,"91504 Davidson Cape Apt. 442, Burkemouth, KS 58116",381,Flu,Exercise,2024-03-07,1227.3,468,1227.3,Paid
11,Michael Woods,58,M,"PSC 2652, Box 5298, APO AA 60783",338,Allergy,Medication,2024-05-02,4938.03,894,4938.03,Unpaid
12,Aaron Brown,59,M,"104 Mary Cape Suite 856, North Michelleburgh, TX 78140",75,Headache,Inhaler,2024-06-16,4744.17,516,4744.17,Pending
18,Kenneth Cooper,68,M,"2008 Sandra Roads Apt. 127, New Andreashire, CO 10646",191,Asthma,Diet Change,2023-10-27,10330.97,101,4580.71,Pending
18,Kenneth Cooper,68,M,"2008 Sandra Roads Apt. 127, New Andreashire, CO 10646",191,Asthma,Diet Change,2023-10-27,10330.97,262,2250.89,Pending
18,Kenneth Cooper,68,M,"2008 Sandra Roads Apt. 127, New Andreashire, CO 10646",191,Asthma,Diet Change,2023-10-27,10330.97,365,3499.37,Unpaid
18,Kenneth Cooper,68,M,"2008 Sandra Roads Apt. 127, New Andreashire, CO 10646",744,Allergy,Rest,2024-03-23,10330.97,101,4580.71,Pending
18,Kenneth Cooper,68,M,"2008 Sandra Roads Apt. 127, New Andreashire, CO 10646",744,Allergy,Rest,2024-03-23,10330.97,262,2250.89,Pending
18,Kenneth Cooper,68,M,"2008 Sandra Roads Apt. 127, New Andreashire, CO 10646",744,Allergy,Rest,2024-03-23,10330.97,365,3499.37,Unpaid
19,Hannah Campbell,58,M,"37372 Murphy Forges Apt. 275, Cassidyborough, DE 57222",146,Diabetes,Physical Therapy,2024-04-09,871.92,290,871.92,Unpaid
21,Shirley Nunez,57,M,"8979 Brown Views Apt. 580, Cochranfurt, MI 63744",201,Allergy,Surgery,2023-12-22,3826.69,72,784.85,Unpaid
21,Shirley Nunez,57,M,"8979 Brown Views Apt. 580, Cochranfurt, MI 63744",201,Allergy,Surgery,2023-12-22,3826.69,511,3041.84,Unpaid
24,Robin Cardenas,77,F,"6948 Carter Fords Suite 583, East William, MA 21755",166,Headache,Inhaler,2024-03-07,1252.47,324,1252.47,Paid
28,Corey Hill,64,F,"513 Allen Bypass, Danielsberg, PA 49129",62,Cold,Inhaler,2023-09-25,2146.16,509,2146.16,Paid
28,Corey Hill,64,F,"513 Allen Bypass, Danielsberg, PA 49129",511,Diabetes,Rest,2024-02-13,2146.16,509,2146.16,Paid
28,Corey Hill,64,F,"513 Allen Bypass, Danielsberg, PA 49129",546,Back Pain,Surgery,2024-06-02,2146.16,509,2146.16,Paid
31,Megan Roberts,78,M,"1311 Tony Rapids Suite 282, New Kimberly, MS 56471",718,Diabetes,Surgery,2024-05-04,11298.24,36,4641.82,Unpaid
31,Megan Roberts,78,M,"1311 Tony Rapids Suite 282, New Kimberly, MS 56471",718,Diabetes,Surgery,2024-05-04,11298.24,353,1891.73,Unpaid
31,Megan Roberts,78,M,"1311 Tony Rapids Suite 282, New Kimberly, MS 56471",718,Diabetes,Surgery,2024-05-04,11298.24,645,3222.78,Pending
31,Megan Roberts,78,M,"1311 Tony Rapids Suite 282, New Kimberly, MS 56471",718,Diabetes,Surgery,2024-05-04,11298.24,762,1541.91,Pending
31,Megan Roberts,78,M,"1311 Tony Rapids Suite 282, New Kimberly, MS 56471",943,Back Pain,Physical Therapy,2023-11-29,11298.24,36,4641.82,Unpaid
31,Megan Roberts,78,M,"1311 Tony Rapids Suite 282, New Kimberly, MS 56471",943,Back Pain,Physical Therapy,2023-11-29,11298.24,353,1891.73,Unpaid
31,Megan Roberts,78,M,"1311 Tony Rapids Suite 282, New Kimberly, MS 56471",943,Back Pain,Physical Therapy,2023-11-29,11298.24,645,3222.78,Pending
31,Megan Roberts,78,M,"1311 Tony Rapids Suite 282, New Kimberly, MS 56471",943,Back Pain,Physical Therapy,2023-11-29,11298.24,762,1541.91,Pending
35,Holly Wilson,76,M,"551 Michael Streets, North Matthew, TN 46692",325,Hypertension,Inhaler,2024-05-21,2495.6,368,1123.29,Pending
35,Holly Wilson,76,M,"551 Michael Streets, North Matthew, TN 46692",325,Hypertension,Inhaler,2024-05-21,2495.6,641,1372.31,Unpaid
41,Heather Brady,82,F,"251 Kendra Spur Suite 372, South Aaronhaven, GA 30668",66,Asthma,Physical Therapy,2023-09-26,5078.95,205,896.01,Paid
41,Heather Brady,82,F,"251 Kendra Spur Suite 372, South Aaronhaven, GA 30668",66,Asthma,Physical Therapy,2023-09-26,5078.95,269,4182.94,Paid
41,Heather Brady,82,F,"251 Kendra Spur Suite 372, South Aaronhaven, GA 30668",894,Diabetes,Surgery,2023-08-26,5078.95,205,896.01,Paid
41,Heather Brady,82,F,"251 Kendra Spur Suite 372, South Aaronhaven, GA 30668",894,Diabetes,Surgery,2023-08-26,5078.95,269,4182.94,Paid
48,Rebecca Henry,83,M,"803 Christian Pike Suite 280, Matthewfort, AK 60027",747,Cold,Surgery,2024-04-17,4607.65,524,3998.63,Unpaid
48,Rebecca Henry,83,M,"803 Christian Pike Suite 280, Matthewfort, AK 60027",747,Cold,Surgery,2024-04-17,4607.65,540,609.02,Paid
51,April Wright,65,M,"PSC 9412, Box 5858, APO AE 72101",884,Flu,Inhaler,2024-06-22,1968.11,809,1968.11,Pending
55,Clayton Liu,69,F,"USNS Thompson, FPO AP 08372",464,Allergy,Exercise,2023-08-26,2234.67,172,2234.67,Unpaid
55,Clayton Liu,69,F,"USNS Thompson, FPO AP 08372",864,Allergy,Exercise,2024-02-14,2234.67,172,2234.67,Unpaid
56,Joshua Williams,58,M,"44257 Bruce River Apt. 932, Harryborough, NJ 11592",6,Allergy,Inhaler,2024-02-13,4984.08,86,3722.77,Paid
56,Joshua Williams,58,M,"44257 Bruce River Apt. 932, Harryborough, NJ 11592",6,Allergy,Inhaler,2024-02-13,4984.08,261,1261.31,Pending
56,Joshua Williams,58,M,"44257 Bruce River Apt. 932, Harryborough, NJ 11592",835,Flu,Diet Change,2024-04-25,4984.08,86,3722.77,Paid
56,Joshua Williams,58,M,"44257 Bruce River Apt. 932, Harryborough, NJ 11592",835,Flu,Diet Change,2024-04-25,4984.08,261,1261.31,Pending
58,Gregory Hansen,61,M,"18037 Megan Field Suite 654, Littleshire, TX 95239",43,Hypertension,Medication,2024-02-07,755.9,117,755.9,Paid
58,Gregory Hansen,61,M,"18037 Megan Field Suite 654, Littleshire, TX 95239",76,Back Pain,Inhaler,2024-02-08,755.9,117,755.9,Paid
60,Vanessa Pittman,82,F,"062 Steven Burg, Michaelmouth, LA 54060",616,Back Pain,Inhaler,2023-09-29,3735.84,285,98.65,Paid
60,Vanessa Pittman,82,F,"062 Steven Burg, Michaelmouth, LA 54060",616,Back Pain,Inhaler,2023-09-29,3735.84,414,3637.19,Pending
62,Lindsey Nguyen,63,F,"9158 Lane Lodge Suite 748, West Geoffrey, IL 28729",116,Cold,Inhaler,2023-09-04,2365.04,573,2365.04,Pending
62,Lindsey Nguyen,63,F,"9158 Lane Lodge Suite 748, West Geoffrey, IL 28729",951,Allergy,Inhaler,2024-07-14,2365.04,573,2365.04,Pending
66,Timothy Gardner,78,F,"USCGC Burton, FPO AE 56384",524,Diabetes,Surgery,2024-04-01,7078.65,15,3779.75,Paid
66,Timothy Gardner,78,F,"USCGC Burton, FPO AE 56384",524,Diabetes,Surgery,2024-04-01,7078.65,873,3298.9,Pending
73,Melanie Jones,83,M,"182 Williamson Common, New Jennifermouth, ID 22274",946,Cold,Medication,2024-04-14,4108.28,902,4108.28,Paid
75,Krista Grant,62,M,"6289 Frost Mountains Suite 955, Colemanhaven, IA 72483",780,Cold,Physical Therapy,2024-07-11,1719.27,94,1003.9,Unpaid
75,Krista Grant,62,M,"6289 Frost Mountains Suite 955, Colemanhaven, IA 72483",780,Cold,Physical Therapy,2024-07-11,1719.27,279,715.37,Pending
76,Anthony Payne,67,F,"USNS Dunn, FPO AP 67704",127,Cold,Rest,2023-09-29,1967.95,649,1967.95,Paid
76,Anthony Payne,67,F,"USNS Dunn, FPO AP 67704",132,Cold,Diet Change,2023-09-27,1967.95,649,1967.95,Paid
76,Anthony Payne,67,F,"USNS Dunn, FPO AP 67704",163,Allergy,Surgery,2024-03-14,1967.95,649,1967.95,Paid
87,Maria Austin,79,M,"087 Scott Spurs, Stevenberg, HI 03233",783,Back Pain,Diet Change,2023-09-16,6496.76,394,1968.69,Paid
87,Maria Austin,79,M,"087 Scott Spurs, Stevenberg, HI 03233",783,Back Pain,Diet Change,2023-09-16,6496.76,820,4528.07,Unpaid
95,Anthony Weaver,57,M,"39017 Robert Station Apt. 658, Jamesstad, MA 62707",423,Headache,Diet Change,2023-12-15,2749.58,405,2749.58,Unpaid
105,Samantha Murphy,75,F,"433 Misty Ways, Port Janetside, UT 46919",487,Back Pain,Inhaler,2023-12-24,4679.13,1,1107.78,Unpaid
105,Samantha Murphy,75,F,"433 Misty Ways, Port Janetside, UT 46919",487,Back Pain,Inhaler,2023-12-24,4679.13,322,3571.35,Unpaid
108,Martin Dunn,76,M,"3686 Stevens Haven, Sandersberg, TN 57265",246,Back Pain,Medication,2024-01-07,8173.93,40,3728.53,Paid
108,Martin Dunn,76,M,"3686 Stevens Haven, Sandersberg, TN 57265",246,Back Pain,Medication,2024-01-07,8173.93,210,4445.4,Unpaid
109,Darlene Hunter,62,F,"9047 Johnny Grove, Haynesstad, MI 51586",87,Flu,Rest,2023-12-26,253.94,777,253.94,Paid
122,Gina Henry,65,M,"90526 Dennis Green, New Anthonyfort, LA 56751",796,Hypertension,Diet Change,2024-02-07,4179.94,588,4179.94,Paid
124,Michelle Graham,63,F,"PSC 7233, Box 8927, APO AE 13133",213,Headache,Exercise,2023-09-07,9168.83,298,4119.21,Paid
124,Michelle Graham,63,F,"PSC 7233, Box 8927, APO AE 13133",213,Headache,Exercise,2023-09-07,9168.83,529,4783.8,Paid
124,Michelle Graham,63,F,"PSC 7233, Box 8927, APO AE 13133",213,Headache,Exercise,2023-09-07,9168.83,883,265.82,Paid
124,Michelle Graham,63,F,"PSC 7233, Box 8927, APO AE 13133",361,Headache,Physical Therapy,2024-06-25,9168.83,298,4119.21,Paid
124,Michelle Graham,63,F,"PSC 7233, Box 8927, APO AE 13133",361,Headache,Physical Therapy,2024-06-25,9168.83,529,4783.8,Paid
124,Michelle Graham,63,F,"PSC 7233, Box 8927, APO AE 13133",361,Headache,Physical Therapy,2024-06-25,9168.83,883,265.82,Paid
124,Michelle Graham,63,F,"PSC 7233, Box 8927, APO AE 13133",556,Back Pain,Diet Change,2024-01-20,9168.83,298,4119.21,Paid
124,Michelle Graham,63,F,"PSC 7233, Box 8927, APO AE 13133",556,Back Pain,Diet Change,2024-01-20,9168.83,529,4783.8,Paid
124,Michelle Graham,63,F,"PSC 7233, Box 8927, APO AE 13133",556,Back Pain,Diet Change,2024-01-20,9168.83,883,265.82,Paid
127,Madison Smith,63,F,"5883 Gregory Greens Apt. 914, West Peter, AL 94997",300,Flu,Medication,2023-11-29,4415.84,650,4415.84,Paid
127,Madison Smith,63,F,"5883 Gregory Greens Apt. 914, West Peter, AL 94997",658,Hypertension,Inhaler,2023-11-10,4415.84,650,4415.84,Paid
129,Trevor Munoz,54,M,"PSC 4158, Box 8875, APO AE 51112",388,Hypertension,Diet Change,2024-01-23,11069.03,421,3983.11,Pending
129,Trevor Munoz,54,M,"PSC 4158, Box 8875, APO AE 51112",388,Hypertension,Diet Change,2024-01-23,11069.03,866,4833.32,Paid
129,Trevor Munoz,54,M,"PSC 4158, Box 8875, APO AE 51112",388,Hypertension,Diet Change,2024-01-23,11069.03,938,2252.6,Paid
130,Jessica Miller,63,F,"393 Wells Shoals, Port Stephanie, UT 68961",915,Back Pain,Diet Change,2023-09-11,3100.37,770,3100.37,Pending
131,Anne Copeland,79,F,"6865 Farley Throughway, Hicksburgh, PR 41339",228,Headache,Rest,2024-05-04,3950.28,42,3028.03,Pending
131,Anne Copeland,79,F,"6865 Farley Throughway, Hicksburgh, PR 41339",228,Headache,Rest,2024-05-04,3950.28,258,922.25,Paid
131,Anne Copeland,79,F,"6865 Farley Throughway, Hicksburgh, PR 41339",289,Cold,Exercise,2024-06-13,3950.28,42,3028.03,Pending
131,Anne Copeland,79,F,"6865 Farley Throughway, Hicksburgh, PR 41339",289,Cold,Exercise,2024-06-13,3950.28,258,922.25,Paid
131,Anne Copeland,79,F,"6865 Farley Throughway, Hicksburgh, PR 41339",782,Cold,Rest,2023-08-26,3950.28,42,3028.03,Pending
131,Anne Copeland,79,F,"6865 Farley Throughway, Hicksburgh, PR 41339",782,Cold,Rest,2023-08-26,3950.28,258,922.25,Paid
146,Ashley Lloyd,83,M,"075 Timothy Curve Suite 895, Audreyhaven, NE 61941",36,Cold,Inhaler,2023-11-06,3737.39,193,2110.85,Unpaid
146,Ashley Lloyd,83,M,"075 Timothy Curve Suite 895, Audreyhaven, NE 61941",36,Cold,Inhaler,2023-11-06,3737.39,411,1626.54,Pending
149,Earl Whitehead,84,F,"887 Margaret Glens, Michaelfurt, MP 41911",49,Asthma,Inhaler,2023-12-13,803.32,783,803.32,Paid
149,Earl Whitehead,84,F,"887 Margaret Glens, Michaelfurt, MP 41911",589,Allergy,Surgery,2023-11-14,803.32,783,803.32,Paid
159,Joyce Carlson,73,F,"651 Sarah Valleys Suite 220, Lawrenceland, PW 48552",598,Diabetes,Surgery,2023-10-19,8825.0,557,3901.57,Paid
159,Joyce Carlson,73,F,"651 Sarah Valleys Suite 220, Lawrenceland, PW 48552",598,Diabetes,Surgery,2023-10-19,8825.0,657,4923.43,Paid
159,Joyce Carlson,73,F,"651 Sarah Valleys Suite 220, Lawrenceland, PW 48552",634,Back Pain,Diet Change,2024-04-16,8825.0,557,3901.57,Paid
159,Joyce Carlson,73,F,"651 Sarah Valleys Suite 220, Lawrenceland, PW 48552",634,Back Pain,Diet Change,2024-04-16,8825.0,657,4923.43,Paid
170,Susan King,76,M,"06029 Keith Road, South Stephanie, MH 11145",227,Allergy,Medication,2023-12-10,3133.96,115,3133.96,Unpaid
170,Susan King,76,M,"06029 Keith Road, South Stephanie, MH 11145",638,Hypertension,Diet Change,2024-05-06,3133.96,115,3133.96,Unpaid
171,Zoe Norton,80,F,"3117 Robin Crossing, Port Crystal, UT 54680",629,Back Pain,Rest,2024-04-02,1844.85,989,1844.85,Paid
174,Steven Perez,75,F,"8592 Price Greens Suite 527, Josephberg, NJ 15620",436,Back Pain,Inhaler,2023-09-07,6253.4,792,3785.25,Unpaid
174,Steven Perez,75,F,"8592 Price Greens Suite 527, Josephberg, NJ 15620",436,Back Pain,Inhaler,2023-09-07,6253.4,869,2468.15,Unpaid
184,Susan Brewer,52,F,"103 Tracy Mountains, New Kelliville, WV 51714",653,Flu,Physical Therapy,2024-06-08,4260.44,19,4260.44,Paid
184,Susan Brewer,52,F,"103 Tracy Mountains, New Kelliville, WV 51714",905,Flu,Surgery,2023-08-22,4260.44,19,4260.44,Paid
184,Susan Brewer,52,F,"103 Tracy Mountains, New Kelliville, WV 51714",980,Cold,Physical Therapy,2023-10-26,4260.44,19,4260.44,Paid
186,Julie Williams,82,M,"0867 Joseph Haven Apt. 453, Christopherhaven, AR 49909",284,Diabetes,Surgery,2024-07-21,6099.110000000001,46,294.02,Unpaid
186,Julie Williams,82,M,"0867 Joseph Haven Apt. 453, Christopherhaven, AR 49909",284,Diabetes,Surgery,2024-07-21,6099.110000000001,628,4360.58,Pending
186,Julie Williams,82,M,"0867 Joseph Haven Apt. 453, Christopherhaven, AR 49909",284,Diabetes,Surgery,2024-07-21,6099.110000000001,786,1444.51,Pending
186,Julie Williams,82,M,"0867 Joseph Haven Apt. 453, Christopherhaven, AR 49909",952,Diabetes,Surgery,2023-10-07,6099.110000000001,46,294.02,Unpaid
186,Julie Williams,82,M,"0867 Joseph Haven Apt. 453, Christopherhaven, AR 49909",952,Diabetes,Surgery,2023-10-07,6099.110000000001,628,4360.58,Pending
186,Julie Williams,82,M,"0867 Joseph Haven Apt. 453, Christopherhaven, AR 49909",952,Diabetes,Surgery,2023-10-07,6099.110000000001,786,1444.51,Pending
189,Brian Banks,61,F,"58291 Long Village Apt. 113, Cassandraville, MI 27799",161,Back Pain,Surgery,2024-01-21,4117.6,845,4117.6,Unpaid
192,Arthur Dougherty,65,F,"26306 Kimberly Plains Suite 346, Nicoleton, PA 94847",471,Cold,Physical Therapy,2024-07-06,3355.69,244,3355.69,Pending
194,Michael Gonzales,74,F,"503 Joel Manors Suite 200, South Dominicstad, MN 34827",291,Hypertension,Diet Change,2023-10-13,1826.44,910,1826.44,Pending
197,Tammie Hill,82,M,"USNV Williams, FPO AE 98578",285,Asthma,Medication,2023-12-31,3620.23,865,3620.23,Pending
208,Anna Perez,84,F,"44894 Smith Ridge, Chapmanmouth, GU 35233",376,Asthma,Inhaler,2024-07-18,118.69,741,118.69,Unpaid
208,Anna Perez,84,F,"44894 Smith Ridge, Chapmanmouth, GU 35233",398,Back Pain,Exercise,2024-03-16,118.69,741,118.69,Unpaid
208,Anna Perez,84,F,"44894 Smith Ridge, Chapmanmouth, GU 35233",528,Allergy,Diet Change,2024-03-02,118.69,741,118.69,Unpaid
208,Anna Perez,84,F,"44894 Smith Ridge, Chapmanmouth, GU 35233",788,Flu,Rest,2023-11-25,118.69,741,118.69,Unpaid
212,David Price DVM,54,M,"3053 Washington Extensions Suite 558, Whiteshire, TN 77401",331,Allergy,Exercise,2024-05-23,3796.86,120,3796.86,Pending
212,David Price DVM,54,M,"3053 Washington Extensions Suite 558, Whiteshire, TN 77401",369,Flu,Rest,2024-02-05,3796.86,120,3796.86,Pending
212,David Price DVM,54,M,"3053 Washington Extensions Suite 558, Whiteshire, TN 77401",968,Diabetes,Medication,2023-08-27,3796.86,120,3796.86,Pending
214,Michael Stanley,74,M,"066 Perry Forge Suite 515, Nataliemouth, VI 90075",600,Cold,Physical Therapy,2024-04-28,1458.4,27,1458.4,Unpaid
214,Michael Stanley,74,M,"066 Perry Forge Suite 515, Nataliemouth, VI 90075",787,Hypertension,Rest,2024-06-05,1458.4,27,1458.4,Unpaid
214,Michael Stanley,74,M,"066 Perry Forge Suite 515, Nataliemouth, VI 90075",891,Diabetes,Rest,2024-05-25,1458.4,27,1458.4,Unpaid
227,Michael Avery,82,M,"60857 Torres Points, Timothytown, NY 61276",8,Back Pain,Medication,2023-09-18,503.2,334,503.2,Unpaid
227,Michael Avery,82,M,"60857 Torres Points, Timothytown, NY 61276",239,Back Pain,Exercise,2024-03-26,503.2,334,503.2,Unpaid
236,Melissa Rollins,68,F,"6663 Orr Crossroad, New Marcusland, TN 30778",592,Asthma,Inhaler,2024-06-20,2602.31,220,2602.31,Unpaid
237,Eric Jones,51,F,"913 Jaclyn Lodge Apt. 800, Nicoleborough, TX 59979",24,Flu,Exercise,2023-10-10,443.08,347,443.08,Paid
237,Eric Jones,51,F,"913 Jaclyn Lodge Apt. 800, Nicoleborough, TX 59979",798,Hypertension,Rest,2023-11-16,443.08,347,443.08,Paid
240,Andrew Finley,84,F,"103 Timothy Valley Suite 969, Vasquezhaven, NM 84428",414,Allergy,Inhaler,2023-11-03,3670.26,195,1922.93,Pending
240,Andrew Finley,84,F,"103 Timothy Valley Suite 969, Vasquezhaven, NM 84428",414,Allergy,Inhaler,2023-11-03,3670.26,222,1747.33,Pending
246,Kimberly Duncan,68,M,"45909 Jones Skyway, Romerohaven, OR 41589",992,Hypertension,Medication,2023-09-11,1652.38,16,1652.38,Paid
258,Mr. Kevin Torres MD,84,F,"75299 Mike Port, North Erikachester, ME 26659",440,Cold,Inhaler,2024-03-20,1973.92,967,1973.92,Paid
258,Mr. Kevin Torres MD,84,F,"75299 Mike Port, North Erikachester, ME 26659",940,Asthma,Exercise,2024-02-22,1973.92,967,1973.92,Paid
258,Mr. Kevin Torres MD,84,F,"75299 Mike Port, North Erikachester, ME 26659",979,Diabetes,Exercise,2024-05-27,1973.92,967,1973.92,Paid
259,Christopher Kemp,66,M,"50237 Best Tunnel Apt. 643, North Timothy, LA 58784",452,Headache,Exercise,2024-05-20,1677.64,608,1677.64,Pending
261,Paul Barrett,76,M,"70019 Lindsey Road, North Jessica, GA 45620",463,Asthma,Rest,2024-03-06,4652.2,308,4652.2,Pending
261,Paul Barrett,76,M,"70019 Lindsey Road, North Jessica, GA 45620",481,Hypertension,Exercise,2024-03-20,4652.2,308,4652.2,Pending
262,Joshua Simon,57,F,"1965 Chaney Oval, Harrisonport, CT 17554",866,Back Pain,Rest,2023-10-14,304.33,819,304.33,Pending
269,Anna Harmon PhD,61,F,"629 Cunningham Neck, Port Jonathanborough, AZ 25067",407,Flu,Rest,2024-04-17,3086.74,227,3086.74,Pending
269,Anna Harmon PhD,61,F,"629 Cunningham Neck, Port Jonathanborough, AZ 25067",590,Asthma,Inhaler,2024-06-21,3086.74,227,3086.74,Pending
271,Denise Watts,80,M,"615 Kenneth Way Apt. 011, Rickeyfurt, IA 84193",212,Back Pain,Medication,2024-06-07,7928.68,156,4390.09,Paid
271,Denise Watts,80,M,"615 Kenneth Way Apt. 011, Rickeyfurt, IA 84193",212,Back Pain,Medication,2024-06-07,7928.68,658,3538.59,Unpaid
274,Sergio Torres,66,F,"969 David Hills Apt. 816, Summershaven, CT 75239",561,Back Pain,Inhaler,2024-05-04,193.07,99,193.07,Unpaid
282,Jennifer Johnson,60,M,"98834 Barr Shore, North Megan, ID 15389",479,Back Pain,Exercise,2024-05-08,204.67,349,204.67,Unpaid
290,Jamie Buckley,68,F,"3515 Vasquez Corner, Robinsonville, SD 80509",466,Back Pain,Medication,2024-06-10,4108.36,170,4108.36,Pending
290,Jamie Buckley,68,F,"3515 Vasquez Corner, Robinsonville, SD 80509",584,Cold,Physical Therapy,2024-06-20,4108.36,170,4108.36,Pending
291,Carrie Valdez,52,F,"64060 Robert Course Apt. 014, Woodardbury, OR 27827",820,Hypertension,Physical Therapy,2024-05-10,2719.56,188,2719.56,Pending
297,Karen Jones,74,F,"92267 Jefferson Springs Apt. 641, South Richardmouth, WY 06439",112,Cold,Surgery,2023-08-22,5819.17,35,1363.09,Unpaid
297,Karen Jones,74,F,"92267 Jefferson Springs Apt. 641, South Richardmouth, WY 06439",112,Cold,Surgery,2023-08-22,5819.17,296,4456.08,Pending
303,Amanda Thompson,61,M,"23726 Wilson Circle Apt. 382, Bakermouth, WI 45609",332,Cold,Medication,2024-07-22,1456.78,779,1456.78,Paid
307,Mary Caldwell,52,M,"2931 Kirk Corners Suite 459, New Taylor, TX 45412",604,Asthma,Exercise,2023-10-14,6392.46,28,3818.43,Unpaid
307,Mary Caldwell,52,M,"2931 Kirk Corners Suite 459, New Taylor, TX 45412",604,Asthma,Exercise,2023-10-14,6392.46,813,2574.03,Pending
309,Kelly Robbins,70,F,"695 Sanchez Harbors Apt. 806, Vanessaborough, SC 29955",371,Diabetes,Exercise,2024-07-24,1493.62,53,1493.62,Unpaid
309,Kelly Robbins,70,F,"695 Sanchez Harbors Apt. 806, Vanessaborough, SC 29955",839,Cold,Medication,2024-05-22,1493.62,53,1493.62,Unpaid
309,Kelly Robbins,70,F,"695 Sanchez Harbors Apt. 806, Vanessaborough, SC 29955",931,Flu,Exercise,2024-08-07,1493.62,53,1493.62,Unpaid
314,Ashley Garcia,52,F,"808 Sara Ramp, East Courtneyside, NH 10557",945,Flu,Rest,2023-12-31,5973.36,57,764.99,Unpaid
314,Ashley Garcia,52,F,"808 Sara Ramp, East Courtneyside, NH 10557",945,Flu,Rest,2023-12-31,5973.36,380,3113.49,Unpaid
314,Ashley Garcia,52,F,"808 Sara Ramp, East Courtneyside, NH 10557",945,Flu,Rest,2023-12-31,5973.36,623,977.65,Unpaid
314,Ashley Garcia,52,F,"808 Sara Ramp, East Courtneyside, NH 10557",945,Flu,Rest,2023-12-31,5973.36,787,1117.23,Paid
318,Jerry Douglas,61,M,"185 Nicole Isle Apt. 921, South Allenshire, KS 07406",394,Headache,Surgery,2024-01-28,1739.06,90,1058.98,Unpaid
318,Jerry Douglas,61,M,"185 Nicole Isle Apt. 921, South Allenshire, KS 07406",394,Headache,Surgery,2024-01-28,1739.06,771,680.08,Paid
320,John Bright Jr.,64,F,"USNV Williams, FPO AP 15137",57,Headache,Exercise,2024-05-27,5204.8,598,1284.73,Pending
320,John Bright Jr.,64,F,"USNV Williams, FPO AP 15137",57,Headache,Exercise,2024-05-27,5204.8,749,3920.07,Unpaid
322,Bonnie Caldwell,51,F,"271 Ferrell Heights Apt. 247, Teresaport, TX 81670",800,Diabetes,Physical Therapy,2024-08-11,2922.98,615,2922.98,Unpaid
323,Jonathan Blair,70,F,"2206 Mcdonald Avenue Suite 068, South Harryland, AS 04842",363,Back Pain,Rest,2024-07-14,232.45,242,232.45,Unpaid
323,Jonathan Blair,70,F,"2206 Mcdonald Avenue Suite 068, South Harryland, AS 04842",809,Asthma,Medication,2023-09-01,232.45,242,232.45,Unpaid
328,Daniel Brown,60,F,"721 Nunez Shoals Apt. 213, Maryview, WA 68445",211,Cold,Inhaler,2024-01-12,2649.87,49,2513.15,Paid
328,Daniel Brown,60,F,"721 Nunez Shoals Apt. 213, Maryview, WA 68445",211,Cold,Inhaler,2024-01-12,2649.87,664,136.72,Unpaid
328,Daniel Brown,60,F,"721 Nunez Shoals Apt. 213, Maryview, WA 68445",662,Diabetes,Medication,2024-05-16,2649.87,49,2513.15,Paid
328,Daniel Brown,60,F,"721 Nunez Shoals Apt. 213, Maryview, WA 68445",662,Diabetes,Medication,2024-05-16,2649.87,664,136.72,Unpaid
333,Jessica Cruz,77,F,"396 Brian Landing Suite 150, Port Edward, MT 17579",663,Headache,Medication,2023-09-19,4560.37,593,4560.37,Unpaid
333,Jessica Cruz,77,F,"396 Brian Landing Suite 150, Port Edward, MT 17579",912,Asthma,Physical Therapy,2024-02-02,4560.37,593,4560.37,Unpaid
337,Dennis Wise,56,M,"97109 Kevin Underpass, Luisborough, WA 60960",183,Hypertension,Surgery,2024-06-24,4021.15,277,4021.15,Pending
337,Dennis Wise,56,M,"97109 Kevin Underpass, Luisborough, WA 60960",462,Back Pain,Medication,2023-10-02,4021.15,277,4021.15,Pending
344,Ariel Henson,61,M,"09243 Jennifer Route Apt. 096, North Heatherbury, HI 76340",38,Headache,Diet Change,2024-02-15,1857.6399999999999,212,1390.57,Paid
344,Ariel Henson,61,M,"09243 Jennifer Route Apt. 096, North Heatherbury, HI 76340",38,Headache,Diet Change,2024-02-15,1857.6399999999999,709,467.07,Paid
344,Ariel Henson,61,M,"09243 Jennifer Route Apt. 096, North Heatherbury, HI 76340",892,Flu,Physical Therapy,2024-01-29,1857.6399999999999,212,1390.57,Paid
344,Ariel Henson,61,M,"09243 Jennifer Route Apt. 096, North Heatherbury, HI 76340",892,Flu,Physical Therapy,2024-01-29,1857.6399999999999,709,467.07,Paid
358,Gary Jones DDS,63,M,"63168 Rice Garden, Lake Scott, CT 52460",16,Cold,Surgery,2023-12-08,4544.69,595,4544.69,Unpaid
360,Emily Andrews,52,F,"USCGC Henry, FPO AE 33290",876,Allergy,Physical Therapy,2023-10-18,4749.57,140,2450.05,Unpaid
360,Emily Andrews,52,F,"USCGC Henry, FPO AE 33290",876,Allergy,Physical Therapy,2023-10-18,4749.57,280,2299.52,Paid
362,Michael Lewis,56,M,"120 Matthew Extensions, Lake Victoriahaven, VT 13891",73,Asthma,Diet Change,2024-04-29,1261.01,419,1261.01,Paid
363,Karen Jones,65,F,"25481 Shane Locks, East Steventon, OK 20844",385,Diabetes,Physical Therapy,2024-03-14,4135.59,412,4135.59,Pending
363,Karen Jones,65,F,"25481 Shane Locks, East Steventon, OK 20844",976,Asthma,Surgery,2023-11-23,4135.59,412,4135.59,Pending
368,Shelia Mueller,68,M,"51965 Nicholas Turnpike, Port Kevin, WV 71791",427,Diabetes,Exercise,2024-03-18,3342.85,627,3342.85,Unpaid
368,Shelia Mueller,68,M,"51965 Nicholas Turnpike, Port Kevin, WV 71791",665,Headache,Physical Therapy,2024-01-03,3342.85,627,3342.85,Unpaid
370,Elijah Williams,83,M,"170 Taylor Ridge, Marcusview, HI 55110",344,Asthma,Surgery,2023-11-26,3467.7000000000003,766,146.61,Paid
370,Elijah Williams,83,M,"170 Taylor Ridge, Marcusview, HI 55110",344,Asthma,Surgery,2023-11-26,3467.7000000000003,946,3321.09,Paid
370,Elijah Williams,83,M,"170 Taylor Ridge, Marcusview, HI 55110",707,Back Pain,Surgery,2023-08-26,3467.7000000000003,766,146.61,Paid
370,Elijah Williams,83,M,"170 Taylor Ridge, Marcusview, HI 55110",707,Back Pain,Surgery,2023-08-26,3467.7000000000003,946,3321.09,Paid
370,Elijah Williams,83,M,"170 Taylor Ridge, Marcusview, HI 55110",880,Flu,Medication,2024-07-26,3467.7000000000003,766,146.61,Paid
370,Elijah Williams,83,M,"170 Taylor Ridge, Marcusview, HI 55110",880,Flu,Medication,2024-07-26,3467.7000000000003,946,3321.09,Paid
387,James Sanders,67,M,"379 Chapman Junctions, New Danielle, NV 07267",262,Back Pain,Surgery,2024-01-02,4978.82,109,4978.82,Pending
387,James Sanders,67,M,"379 Chapman Junctions, New Danielle, NV 07267",888,Hypertension,Diet Change,2024-03-24,4978.82,109,4978.82,Pending
396,William Edwards,72,M,"170 Tran Burgs Suite 272, Johnmouth, IN 11108",377,Hypertension,Inhaler,2023-08-26,2348.96,841,2348.96,Pending
407,Adrian Robinson,63,M,"027 Carlson Spur, East Carla, AR 89075",39,Asthma,Surgery,2023-09-17,2503.41,949,2503.41,Paid
407,Adrian Robinson,63,M,"027 Carlson Spur, East Carla, AR 89075",218,Back Pain,Physical Therapy,2024-05-27,2503.41,949,2503.41,Paid
413,Gregory Dennis,54,F,"423 John Vista, Bruceport, OR 91739",845,Headache,Diet Change,2024-07-03,3517.07,326,3517.07,Paid
415,Carol Brown,65,M,"1331 Beverly Crescent Apt. 258, West Madison, ND 66813",495,Flu,Physical Therapy,2023-12-10,2709.44,81,1070.4,Unpaid
415,Carol Brown,65,M,"1331 Beverly Crescent Apt. 258, West Madison, ND 66813",495,Flu,Physical Therapy,2023-12-10,2709.44,546,1639.04,Paid
415,Carol Brown,65,M,"1331 Beverly Crescent Apt. 258, West Madison, ND 66813",607,Hypertension,Diet Change,2024-02-12,2709.44,81,1070.4,Unpaid
415,Carol Brown,65,M,"1331 Beverly Crescent Apt. 258, West Madison, ND 66813",607,Hypertension,Diet Change,2024-02-12,2709.44,546,1639.04,Paid
415,Carol Brown,65,M,"1331 Beverly Crescent Apt. 258, West Madison, ND 66813",855,Allergy,Exercise,2024-03-15,2709.44,81,1070.4,Unpaid
415,Carol Brown,65,M,"1331 Beverly Crescent Apt. 258, West Madison, ND 66813",855,Allergy,Exercise,2024-03-15,2709.44,546,1639.04,Paid
422,Suzanne Lang,81,F,"6084 Richard Circles, East Tyler, ME 32479",104,Back Pain,Inhaler,2023-10-18,4704.05,249,1364.75,Pending
422,Suzanne Lang,81,F,"6084 Richard Circles, East Tyler, ME 32479",104,Back Pain,Inhaler,2023-10-18,4704.05,701,1975.45,Paid
422,Suzanne Lang,81,F,"6084 Richard Circles, East Tyler, ME 32479",104,Back Pain,Inhaler,2023-10-18,4704.05,933,1363.85,Paid
429,Andrew Garcia,62,F,"18766 Jeffrey Vista, Adkinsshire, ND 92227",340,Diabetes,Medication,2024-07-12,5062.52,399,2049.11,Pending
429,Andrew Garcia,62,F,"18766 Jeffrey Vista, Adkinsshire, ND 92227",340,Diabetes,Medication,2024-07-12,5062.52,523,3013.41,Pending
429,Andrew Garcia,62,F,"18766 Jeffrey Vista, Adkinsshire, ND 92227",498,Flu,Medication,2024-01-12,5062.52,399,2049.11,Pending
429,Andrew Garcia,62,F,"18766 Jeffrey Vista, Adkinsshire, ND 92227",498,Flu,Medication,2024-01-12,5062.52,523,3013.41,Pending
430,Lori Horton,72,M,"1923 Wells Manors, North Michellestad, NY 09009",932,Headache,Surgery,2024-06-18,6838.87,537,3656.08,Pending
430,Lori Horton,72,M,"1923 Wells Manors, North Michellestad, NY 09009",932,Headache,Surgery,2024-06-18,6838.87,880,3182.79,Unpaid
436,Thomas Arnold,68,F,"838 Samuel Shore Apt. 670, Rebeccaberg, AZ 08836",552,Flu,Surgery,2024-02-08,84.88,9,84.88,Pending
436,Thomas Arnold,68,F,"838 Samuel Shore Apt. 670, Rebeccaberg, AZ 08836",723,Asthma,Medication,2023-10-05,84.88,9,84.88,Pending
438,Laura Wilson,52,F,"3127 Hughes Greens Apt. 529, Alexanderburgh, OH 32857",386,Flu,Diet Change,2024-07-29,7079.400000000001,747,2917.76,Pending
438,Laura Wilson,52,F,"3127 Hughes Greens Apt. 529, Alexanderburgh, OH 32857",386,Flu,Diet Change,2024-07-29,7079.400000000001,896,4161.64,Unpaid
439,Kevin Hill,54,F,"86301 Clark Village Apt. 995, Port Coreyfurt, VA 16571",801,Diabetes,Medication,2023-12-16,4255.62,998,4255.62,Paid
447,Michael Johnson,53,M,"94691 Shawn Vista Suite 467, Martinberg, GA 92711",429,Flu,Inhaler,2024-03-10,3353.32,68,3353.32,Paid
482,Angel Clark,55,F,"556 Monica Inlet, North Marciashire, NH 11088",243,Hypertension,Medication,2024-07-20,4583.15,129,3697.65,Paid
482,Angel Clark,55,F,"556 Monica Inlet, North Marciashire, NH 11088",243,Hypertension,Medication,2024-07-20,4583.15,564,885.5,Paid
484,Donna Gonzalez,57,F,"8110 White Cliff, Erinmouth, ID 75235",305,Asthma,Physical Therapy,2024-02-02,2368.12,471,2368.12,Unpaid
485,Jacqueline Olson,54,F,"7595 Garner Vista, Sandybury, MT 22751",337,Asthma,Inhaler,2024-07-31,8720.05,235,4134.34,Pending
485,Jacqueline Olson,54,F,"7595 Garner Vista, Sandybury, MT 22751",337,Asthma,Inhaler,2024-07-31,8720.05,799,4585.71,Paid
487,Joshua Robertson,61,M,"8907 Marcus Bridge, Alexisland, NV 93690",654,Back Pain,Physical Therapy,2024-01-31,6259.78,128,1638.05,Unpaid
487,Joshua Robertson,61,M,"8907 Marcus Bridge, Alexisland, NV 93690",654,Back Pain,Physical Therapy,2024-01-31,6259.78,318,4621.73,Unpaid
488,Melinda Anderson,73,F,"696 Chapman Parkway, Garzamouth, TN 13516",4,Asthma,Inhaler,2023-12-08,4171.07,246,965.81,Pending
488,Melinda Anderson,73,F,"696 Chapman Parkway, Garzamouth, TN 13516",4,Asthma,Inhaler,2023-12-08,4171.07,476,3205.26,Pending
488,Melinda Anderson,73,F,"696 Chapman Parkway, Garzamouth, TN 13516",200,Hypertension,Physical Therapy,2024-07-05,4171.07,246,965.81,Pending
488,Melinda Anderson,73,F,"696 Chapman Parkway, Garzamouth, TN 13516",200,Hypertension,Physical Therapy,2024-07-05,4171.07,476,3205.26,Pending
488,Melinda Anderson,73,F,"696 Chapman Parkway, Garzamouth, TN 13516",764,Headache,Inhaler,2024-07-12,4171.07,246,965.81,Pending
488,Melinda Anderson,73,F,"696 Chapman Parkway, Garzamouth, TN 13516",764,Headache,Inhaler,2024-07-12,4171.07,476,3205.26,Pending
491,Brianna Simmons,65,F,"3561 Kendra Gateway, Kingside, MA 09873",547,Hypertension,Inhaler,2024-04-17,308.85,912,308.85,Unpaid
491,Brianna Simmons,65,F,"3561 Kendra Gateway, Kingside, MA 09873",988,Allergy,Medication,2024-05-15,308.85,912,308.85,Unpaid
494,Mrs. Sheri Cherry,58,F,"1325 Williams Well, West Benjaminfort, ID 25727",874,Flu,Exercise,2024-07-01,5290.219999999999,321,3206.99,Unpaid
494,Mrs. Sheri Cherry,58,F,"1325 Williams Well, West Benjaminfort, ID 25727",874,Flu,Exercise,2024-07-01,5290.219999999999,979,2083.23,Unpaid
497,William Wilson,65,M,"53104 Flynn Flats, Conniehaven, OK 94589",95,Back Pain,Diet Change,2024-05-26,8355.33,488,3506.32,Unpaid
497,William Wilson,65,M,"53104 Flynn Flats, Conniehaven, OK 94589",95,Back Pain,Diet Change,2024-05-26,8355.33,602,4849.01,Paid
497,William Wilson,65,M,"53104 Flynn Flats, Conniehaven, OK 94589",266,Flu,Medication,2024-02-11,8355.33,488,3506.32,Unpaid
497,William Wilson,65,M,"53104 Flynn Flats, Conniehaven, OK 94589",266,Flu,Medication,2024-02-11,8355.33,602,4849.01,Paid
497,William Wilson,65,M,"53104 Flynn Flats, Conniehaven, OK 94589",267,Headache,Exercise,2023-12-20,8355.33,488,3506.32,Unpaid
497,William Wilson,65,M,"53104 Flynn Flats, Conniehaven, OK 94589",267,Headache,Exercise,2023-12-20,8355.33,602,4849.01,Paid
499,Roger Flores,75,F,"51772 Sutton Neck, West Arthurburgh, MD 50109",623,Headache,Exercise,2024-01-15,3082.57,320,3082.57,Paid
499,Roger Flores,75,F,"51772 Sutton Neck, West Arthurburgh, MD 50109",991,Asthma,Medication,2023-11-23,3082.57,320,3082.57,Paid
503,Benjamin Gilbert,66,M,"PSC 0987, Box 8554, APO AE 29404",21,Flu,Inhaler,2023-10-25,6897.099999999999,48,1839.03,Unpaid
503,Benjamin Gilbert,66,M,"PSC 0987, Box 8554, APO AE 29404",21,Flu,Inhaler,2023-10-25,6897.099999999999,221,564.81,Paid
503,Benjamin Gilbert,66,M,"PSC 0987, Box 8554, APO AE 29404",21,Flu,Inhaler,2023-10-25,6897.099999999999,417,2644.15,Pending
503,Benjamin Gilbert,66,M,"PSC 0987, Box 8554, APO AE 29404",21,Flu,Inhaler,2023-10-25,6897.099999999999,435,1849.11,Paid
503,Benjamin Gilbert,66,M,"PSC 0987, Box 8554, APO AE 29404",748,Headache,Inhaler,2024-04-10,6897.099999999999,48,1839.03,Unpaid
503,Benjamin Gilbert,66,M,"PSC 0987, Box 8554, APO AE 29404",748,Headache,Inhaler,2024-04-10,6897.099999999999,221,564.81,Paid
503,Benjamin Gilbert,66,M,"PSC 0987, Box 8554, APO AE 29404",748,Headache,Inhaler,2024-04-10,6897.099999999999,417,2644.15,Pending
503,Benjamin Gilbert,66,M,"PSC 0987, Box 8554, APO AE 29404",748,Headache,Inhaler,2024-04-10,6897.099999999999,435,1849.11,Paid
503,Benjamin Gilbert,66,M,"PSC 0987, Box 8554, APO AE 29404",899,Diabetes,Diet Change,2023-09-16,6897.099999999999,48,1839.03,Unpaid
503,Benjamin Gilbert,66,M,"PSC 0987, Box 8554, APO AE 29404",899,Diabetes,Diet Change,2023-09-16,6897.099999999999,221,564.81,Paid
503,Benjamin Gilbert,66,M,"PSC 0987, Box 8554, APO AE 29404",899,Diabetes,Diet Change,2023-09-16,6897.099999999999,417,2644.15,Pending
503,Benjamin Gilbert,66,M,"PSC 0987, Box 8554, APO AE 29404",899,Diabetes,Diet Change,2023-09-16,6897.099999999999,435,1849.11,Paid
503,Benjamin Gilbert,66,M,"PSC 0987, Box 8554, APO AE 29404",964,Asthma,Medication,2024-06-12,6897.099999999999,48,1839.03,Unpaid
503,Benjamin Gilbert,66,M,"PSC 0987, Box 8554, APO AE 29404",964,Asthma,Medication,2024-06-12,6897.099999999999,221,564.81,Paid
503,Benjamin Gilbert,66,M,"PSC 0987, Box 8554, APO AE 29404",964,Asthma,Medication,2024-06-12,6897.099999999999,417,2644.15,Pending
503,Benjamin Gilbert,66,M,"PSC 0987, Box 8554, APO AE 29404",964,Asthma,Medication,2024-06-12,6897.099999999999,435,1849.11,Paid
506,Marc Church,81,M,"804 Townsend Ridges, Thomasview, GU 90531",605,Back Pain,Physical Therapy,2024-02-24,6018.61,24,4211.12,Paid
506,Marc Church,81,M,"804 Townsend Ridges, Thomasview, GU 90531",605,Back Pain,Physical Therapy,2024-02-24,6018.61,742,1807.49,Unpaid
512,Laura Aguilar,60,M,"9687 Perez Estates Suite 742, Codyside, AZ 65611",3,Cold,Surgery,2024-07-10,3674.6899999999996,240,596.28,Paid
512,Laura Aguilar,60,M,"9687 Perez Estates Suite 742, Codyside, AZ 65611",3,Cold,Surgery,2024-07-10,3674.6899999999996,735,3078.41,Unpaid
512,Laura Aguilar,60,M,"9687 Perez Estates Suite 742, Codyside, AZ 65611",190,Allergy,Inhaler,2024-07-03,3674.6899999999996,240,596.28,Paid
512,Laura Aguilar,60,M,"9687 Perez Estates Suite 742, Codyside, AZ 65611",190,Allergy,Inhaler,2024-07-03,3674.6899999999996,735,3078.41,Unpaid
517,Monique Cruz,65,F,"91488 Ramos Fall Apt. 118, South Lisatown, DE 77791",612,Back Pain,Diet Change,2023-10-06,4401.73,772,2071.71,Paid
517,Monique Cruz,65,F,"91488 Ramos Fall Apt. 118, South Lisatown, DE 77791",612,Back Pain,Diet Change,2023-10-06,4401.73,920,679.56,Paid
517,Monique Cruz,65,F,"91488 Ramos Fall Apt. 118, South Lisatown, DE 77791",612,Back Pain,Diet Change,2023-10-06,4401.73,987,1650.46,Unpaid
520,Mary Rosales,61,M,"05623 Caroline Squares, Hayleyside, FL 38345",273,Hypertension,Physical Therapy,2024-01-28,4921.0,167,4921.0,Pending
520,Mary Rosales,61,M,"05623 Caroline Squares, Hayleyside, FL 38345",599,Diabetes,Surgery,2024-01-16,4921.0,167,4921.0,Pending
528,Randy Bryant,80,F,"Unit 2898 Box 5770, DPO AE 44237",292,Flu,Physical Therapy,2024-01-19,3995.16,903,3995.16,Paid
528,Randy Bryant,80,F,"Unit 2898 Box 5770, DPO AE 44237",686,Flu,Exercise,2023-12-14,3995.16,903,3995.16,Paid
529,Jessica Davis,59,M,"3732 James Ferry Apt. 087, West Calebfort, MI 97552",493,Headache,Exercise,2023-08-23,1494.07,105,1494.07,Unpaid
536,Bryan Duncan,80,F,"568 Davis Fall, Lukefort, GA 83954",562,Back Pain,Inhaler,2023-09-25,1368.93,483,1368.93,Pending
540,Sara Paul,81,F,"53631 Hodges Roads Suite 441, Port Justin, PA 02738",948,Allergy,Diet Change,2023-10-10,2994.23,199,2994.23,Pending
551,Brandon Martinez,57,M,"49406 Moreno Haven, West Amandaborough, CO 40776",83,Asthma,Diet Change,2024-03-25,4537.04,143,693.9,Paid
551,Brandon Martinez,57,M,"49406 Moreno Haven, West Amandaborough, CO 40776",83,Asthma,Diet Change,2024-03-25,4537.04,569,3843.14,Pending
554,Julia Smith,53,M,"9984 Phillip Land Apt. 234, Mannshire, AL 73097",424,Diabetes,Diet Change,2024-04-26,4210.9400000000005,54,3272.36,Unpaid
554,Julia Smith,53,M,"9984 Phillip Land Apt. 234, Mannshire, AL 73097",424,Diabetes,Diet Change,2024-04-26,4210.9400000000005,832,938.58,Unpaid
554,Julia Smith,53,M,"9984 Phillip Land Apt. 234, Mannshire, AL 73097",438,Cold,Physical Therapy,2023-11-06,4210.9400000000005,54,3272.36,Unpaid
554,Julia Smith,53,M,"9984 Phillip Land Apt. 234, Mannshire, AL 73097",438,Cold,Physical Therapy,2023-11-06,4210.9400000000005,832,938.58,Unpaid
554,Julia Smith,53,M,"9984 Phillip Land Apt. 234, Mannshire, AL 73097",893,Asthma,Diet Change,2024-03-17,4210.9400000000005,54,3272.36,Unpaid
554,Julia Smith,53,M,"9984 Phillip Land Apt. 234, Mannshire, AL 73097",893,Asthma,Diet Change,2024-03-17,4210.9400000000005,832,938.58,Unpaid
556,Ashley Williams,84,F,"160 Garrett Lakes, Robertside, WA 21532",944,Headache,Rest,2024-01-18,6756.13,284,1857.14,Pending
556,Ashley Williams,84,F,"160 Garrett Lakes, Robertside, WA 21532",944,Headache,Rest,2024-01-18,6756.13,959,4898.99,Pending
559,Justin Walker,69,M,"9071 Jason Freeway, Roberttown, GU 04867",219,Cold,Rest,2023-12-03,3329.7,141,597.95,Paid
559,Justin Walker,69,M,"9071 Jason Freeway, Roberttown, GU 04867",219,Cold,Rest,2023-12-03,3329.7,913,2731.75,Paid
559,Justin Walker,69,M,"9071 Jason Freeway, Roberttown, GU 04867",445,Diabetes,Physical Therapy,2024-03-31,3329.7,141,597.95,Paid
559,Justin Walker,69,M,"9071 Jason Freeway, Roberttown, GU 04867",445,Diabetes,Physical Therapy,2024-03-31,3329.7,913,2731.75,Paid
559,Justin Walker,69,M,"9071 Jason Freeway, Roberttown, GU 04867",706,Back Pain,Medication,2024-01-28,3329.7,141,597.95,Paid
559,Justin Walker,69,M,"9071 Jason Freeway, Roberttown, GU 04867",706,Back Pain,Medication,2024-01-28,3329.7,913,2731.75,Paid
565,Joshua Randall,53,M,"454 Allison Row, Nicholechester, VI 27211",672,Back Pain,Rest,2024-03-03,3501.43,898,3501.43,Unpaid
568,Brittany Sanchez,53,F,"293 Martin Port Apt. 722, West Robertport, TX 96931",102,Hypertension,Exercise,2024-04-30,892.03,111,892.03,Paid
568,Brittany Sanchez,53,F,"293 Martin Port Apt. 722, West Robertport, TX 96931",453,Diabetes,Diet Change,2024-03-04,892.03,111,892.03,Paid
568,Brittany Sanchez,53,F,"293 Martin Port Apt. 722, West Robertport, TX 96931",895,Back Pain,Medication,2024-03-21,892.03,111,892.03,Paid
571,Kayla Davidson,78,F,"359 Graham Rest Suite 120, Swansonland, IA 68864",559,Asthma,Medication,2024-06-24,4048.97,924,4048.97,Unpaid
571,Kayla Davidson,78,F,"359 Graham Rest Suite 120, Swansonland, IA 68864",941,Cold,Surgery,2023-09-16,4048.97,924,4048.97,Unpaid
578,William Fox,76,M,"27644 Dale Cape, South Kathrynview, AZ 82484",154,Flu,Diet Change,2023-12-08,8714.91,562,4014.36,Paid
578,William Fox,76,M,"27644 Dale Cape, South Kathrynview, AZ 82484",154,Flu,Diet Change,2023-12-08,8714.91,694,4700.55,Paid
578,William Fox,76,M,"27644 Dale Cape, South Kathrynview, AZ 82484",178,Flu,Diet Change,2023-09-08,8714.91,562,4014.36,Paid
578,William Fox,76,M,"27644 Dale Cape, South Kathrynview, AZ 82484",178,Flu,Diet Change,2023-09-08,8714.91,694,4700.55,Paid
578,William Fox,76,M,"27644 Dale Cape, South Kathrynview, AZ 82484",413,Allergy,Medication,2024-02-24,8714.91,562,4014.36,Paid
578,William Fox,76,M,"27644 Dale Cape, South Kathrynview, AZ 82484",413,Allergy,Medication,2024-02-24,8714.91,694,4700.55,Paid
584,Cindy Taylor,60,M,"913 Alexander Meadow Suite 162, East Mathewton, MH 61468",660,Headache,Inhaler,2023-10-03,8569.529999999999,69,4447.83,Paid
584,Cindy Taylor,60,M,"913 Alexander Meadow Suite 162, East Mathewton, MH 61468",660,Headache,Inhaler,2023-10-03,8569.529999999999,190,4121.7,Pending
586,David Cannon,83,F,"352 Dunn Courts Suite 830, Adamsfort, MD 52724",233,Hypertension,Rest,2023-12-21,3068.4500000000003,76,89.53,Unpaid
586,David Cannon,83,F,"352 Dunn Courts Suite 830, Adamsfort, MD 52724",233,Hypertension,Rest,2023-12-21,3068.4500000000003,905,2978.92,Paid
587,Stephen Swanson,57,F,"4035 Heather Ferry Suite 248, Caseyborough, DE 29288",477,Allergy,Surgery,2024-02-07,2537.45,776,675.5,Paid
587,Stephen Swanson,57,F,"4035 Heather Ferry Suite 248, Caseyborough, DE 29288",477,Allergy,Surgery,2024-02-07,2537.45,842,1861.95,Paid
590,Justin Mcmahon,69,F,"73029 White Avenue, North Ronald, UT 00662",981,Diabetes,Diet Change,2023-12-21,2827.54,940,2827.54,Pending
590,Justin Mcmahon,69,F,"73029 White Avenue, North Ronald, UT 00662",996,Diabetes,Physical Therapy,2024-04-20,2827.54,940,2827.54,Pending
600,Roy Baker,77,F,"8428 Mckinney Fords Apt. 112, East Michael, MA 20874",65,Cold,Diet Change,2024-08-06,9453.82,371,845.34,Unpaid
600,Roy Baker,77,F,"8428 Mckinney Fords Apt. 112, East Michael, MA 20874",65,Cold,Diet Change,2024-08-06,9453.82,401,1665.07,Unpaid
600,Roy Baker,77,F,"8428 Mckinney Fords Apt. 112, East Michael, MA 20874",65,Cold,Diet Change,2024-08-06,9453.82,495,2220.3,Unpaid
600,Roy Baker,77,F,"8428 Mckinney Fords Apt. 112, East Michael, MA 20874",65,Cold,Diet Change,2024-08-06,9453.82,849,4723.11,Paid
600,Roy Baker,77,F,"8428 Mckinney Fords Apt. 112, East Michael, MA 20874",709,Asthma,Inhaler,2024-04-28,9453.82,371,845.34,Unpaid
600,Roy Baker,77,F,"8428 Mckinney Fords Apt. 112, East Michael, MA 20874",709,Asthma,Inhaler,2024-04-28,9453.82,401,1665.07,Unpaid
600,Roy Baker,77,F,"8428 Mckinney Fords Apt. 112, East Michael, MA 20874",709,Asthma,Inhaler,2024-04-28,9453.82,495,2220.3,Unpaid
600,Roy Baker,77,F,"8428 Mckinney Fords Apt. 112, East Michael, MA 20874",709,Asthma,Inhaler,2024-04-28,9453.82,849,4723.11,Paid
602,Kayla Davidson,58,F,"59386 Julie Shoals Suite 513, Joshuafurt, MH 72496",678,Allergy,Diet Change,2024-02-10,3504.41,306,3504.41,Paid
614,Rachel Wagner,65,F,"5872 Boyd Pine Suite 824, Michelleville, IA 22994",999,Back Pain,Exercise,2024-03-10,5159.3,886,1011.93,Paid
614,Rachel Wagner,65,F,"5872 Boyd Pine Suite 824, Michelleville, IA 22994",999,Back Pain,Exercise,2024-03-10,5159.3,958,4147.37,Unpaid
615,Elizabeth Clark,60,M,"046 Daniel Lodge Apt. 106, Patrickmouth, IL 45429",105,Flu,Diet Change,2024-01-23,4660.46,647,4660.46,Unpaid
615,Elizabeth Clark,60,M,"046 Daniel Lodge Apt. 106, Patrickmouth, IL 45429",494,Asthma,Exercise,2023-12-24,4660.46,647,4660.46,Unpaid
615,Elizabeth Clark,60,M,"046 Daniel Lodge Apt. 106, Patrickmouth, IL 45429",534,Allergy,Exercise,2024-06-17,4660.46,647,4660.46,Unpaid
624,Alexandra King,77,F,"7322 Amanda Isle, Edgarton, CT 07521",271,Allergy,Inhaler,2024-01-17,315.57,722,315.57,Pending
627,William Mullins,80,M,"02771 Beck Spur, Cordovabury, GA 75775",108,Back Pain,Surgery,2024-01-06,445.08,264,270.84,Paid
627,William Mullins,80,M,"02771 Beck Spur, Cordovabury, GA 75775",108,Back Pain,Surgery,2024-01-06,445.08,319,174.24,Pending
631,Amy Watson,72,M,"5194 Marquez Spurs, Port David, HI 44356",819,Hypertension,Exercise,2023-12-17,927.6,790,927.6,Pending
631,Amy Watson,72,M,"5194 Marquez Spurs, Port David, HI 44356",975,Back Pain,Exercise,2023-11-27,927.6,790,927.6,Pending
639,Courtney Stafford,78,M,"6009 Joshua Squares Apt. 134, Rachelside, FL 46377",643,Asthma,Rest,2024-05-21,267.78,108,267.78,Paid
644,Olivia Miller,77,F,"385 Kimberly Mill Suite 638, South Dana, GU 44527",56,Allergy,Physical Therapy,2023-09-28,1060.18,739,1060.18,Pending
649,Lauren Taylor,71,M,"3056 Lisa Greens, East Dianamouth, AK 61923",327,Headache,Surgery,2023-12-06,1213.48,578,682.13,Paid
649,Lauren Taylor,71,M,"3056 Lisa Greens, East Dianamouth, AK 61923",327,Headache,Surgery,2023-12-06,1213.48,985,531.35,Pending
649,Lauren Taylor,71,M,"3056 Lisa Greens, East Dianamouth, AK 61923",878,Back Pain,Surgery,2024-01-21,1213.48,578,682.13,Paid
649,Lauren Taylor,71,M,"3056 Lisa Greens, East Dianamouth, AK 61923",878,Back Pain,Surgery,2024-01-21,1213.48,985,531.35,Pending
651,Justin Krause,68,M,"06129 Watkins Divide Apt. 000, Port Kimberly, NJ 98337",596,Back Pain,Medication,2024-07-31,2047.19,153,1021.85,Pending
651,Justin Krause,68,M,"06129 Watkins Divide Apt. 000, Port Kimberly, NJ 98337",596,Back Pain,Medication,2024-07-31,2047.19,286,1025.34,Paid
655,Kyle Hunt,81,M,"9233 Dawn Garden, North Anthony, FL 80425",455,Cold,Inhaler,2023-09-20,6902.69,363,4713.74,Unpaid
655,Kyle Hunt,81,M,"9233 Dawn Garden, North Anthony, FL 80425",455,Cold,Inhaler,2023-09-20,6902.69,675,2188.95,Unpaid
668,Kimberly Cooley,69,F,"3510 Collins Locks, South Anthonyburgh, AL 99882",314,Hypertension,Rest,2023-11-12,1217.79,382,289.31,Pending
668,Kimberly Cooley,69,F,"3510 Collins Locks, South Anthonyburgh, AL 99882",314,Hypertension,Rest,2023-11-12,1217.79,480,928.48,Unpaid
668,Kimberly Cooley,69,F,"3510 Collins Locks, South Anthonyburgh, AL 99882",322,Hypertension,Physical Therapy,2024-07-31,1217.79,382,289.31,Pending
668,Kimberly Cooley,69,F,"3510 Collins Locks, South Anthonyburgh, AL 99882",322,Hypertension,Physical Therapy,2024-07-31,1217.79,480,928.48,Unpaid
671,Mr. Steven Jones MD,82,M,"13447 Mann Isle Apt. 146, Lake Jamieberg, OR 75384",503,Allergy,Exercise,2024-08-16,3503.12,490,3503.12,Unpaid
672,Robert Stone,60,M,"1248 Patrick Parkways, Kellerfort, HI 87926",911,Asthma,Physical Therapy,2024-04-28,1635.0,58,690.04,Pending
672,Robert Stone,60,M,"1248 Patrick Parkways, Kellerfort, HI 87926",911,Asthma,Physical Therapy,2024-04-28,1635.0,78,944.96,Paid
673,Dr. Whitney Martin,59,F,"53975 Rodriguez Route Apt. 921, North Ashley, IA 78999",287,Diabetes,Exercise,2023-11-18,680.34,552,680.34,Unpaid
673,Dr. Whitney Martin,59,F,"53975 Rodriguez Route Apt. 921, North Ashley, IA 78999",469,Headache,Exercise,2023-10-09,680.34,552,680.34,Unpaid
675,Jocelyn Myers,78,M,"229 Trujillo Meadows, North Timothyville, WV 96311",430,Allergy,Inhaler,2024-02-10,1839.73,465,1839.73,Unpaid
682,Virginia Butler,84,F,"55808 Christopher Motorway, Lake Maryview, CA 14614",50,Flu,Medication,2023-08-25,6772.639999999999,66,2259.66,Paid
682,Virginia Butler,84,F,"55808 Christopher Motorway, Lake Maryview, CA 14614",50,Flu,Medication,2023-08-25,6772.639999999999,596,4512.98,Unpaid
685,Cathy Macias,62,F,"186 Richard Fords, Port Felicia, GA 73849",585,Back Pain,Medication,2023-12-08,3713.78,39,3713.78,Unpaid
689,Nancy Chapman,62,M,"36761 Veronica Stravenue Suite 219, Erinfurt, IA 35845",310,Headache,Exercise,2024-04-29,4499.95,526,2653.21,Unpaid
689,Nancy Chapman,62,M,"36761 Veronica Stravenue Suite 219, Erinfurt, IA 35845",310,Headache,Exercise,2024-04-29,4499.95,600,1846.74,Unpaid
692,Sydney Hicks,82,F,"2962 James Rest Apt. 747, South Erika, TN 77814",373,Headache,Medication,2024-02-04,3046.66,801,3046.66,Paid
692,Sydney Hicks,82,F,"2962 James Rest Apt. 747, South Erika, TN 77814",668,Allergy,Physical Therapy,2023-09-18,3046.66,801,3046.66,Paid
705,Eric Ellis,58,F,"USNS Myers, FPO AA 25053",110,Headache,Inhaler,2024-05-12,1911.07,238,1911.07,Paid
706,Angel Jenkins,61,F,"29920 Hernandez Hollow, Joyfurt, PW 69737",353,Back Pain,Rest,2023-10-08,1883.17,281,1883.17,Unpaid
706,Angel Jenkins,61,F,"29920 Hernandez Hollow, Joyfurt, PW 69737",836,Back Pain,Surgery,2024-02-12,1883.17,281,1883.17,Unpaid
709,Brandon Hogan,76,F,"417 Regina Pines, Monicabury, UT 85450",61,Asthma,Medication,2023-09-22,1253.61,89,1121.55,Pending
709,Brandon Hogan,76,F,"417 Regina Pines, Monicabury, UT 85450",61,Asthma,Medication,2023-09-22,1253.61,456,132.06,Paid
711,Aaron Dodson,66,M,"128 Nicholas Throughway, Port Brian, WA 46192",41,Flu,Diet Change,2024-06-27,4975.83,73,4975.83,Pending
712,Jason Dawson,57,F,"PSC 0535, Box 2970, APO AA 59800",786,Back Pain,Physical Therapy,2024-04-29,3883.66,457,1844.9,Unpaid
712,Jason Dawson,57,F,"PSC 0535, Box 2970, APO AA 59800",786,Back Pain,Physical Therapy,2024-04-29,3883.66,941,2038.76,Pending
718,Ronald Caldwell,55,F,"95380 Wilson Rapids Apt. 810, Paulport, MP 25376",711,Back Pain,Rest,2023-11-10,4315.88,2,4315.88,Paid
719,Dennis Vincent,70,F,"3564 Smith Course Apt. 201, Scottport, AZ 41045",173,Diabetes,Diet Change,2024-03-20,8605.59,41,4498.16,Pending
719,Dennis Vincent,70,F,"3564 Smith Course Apt. 201, Scottport, AZ 41045",173,Diabetes,Diet Change,2024-03-20,8605.59,147,496.24,Unpaid
719,Dennis Vincent,70,F,"3564 Smith Course Apt. 201, Scottport, AZ 41045",173,Diabetes,Diet Change,2024-03-20,8605.59,479,3611.19,Unpaid
719,Dennis Vincent,70,F,"3564 Smith Course Apt. 201, Scottport, AZ 41045",519,Headache,Inhaler,2023-11-22,8605.59,41,4498.16,Pending
719,Dennis Vincent,70,F,"3564 Smith Course Apt. 201, Scottport, AZ 41045",519,Headache,Inhaler,2023-11-22,8605.59,147,496.24,Unpaid
719,Dennis Vincent,70,F,"3564 Smith Course Apt. 201, Scottport, AZ 41045",519,Headache,Inhaler,2023-11-22,8605.59,479,3611.19,Unpaid
719,Dennis Vincent,70,F,"3564 Smith Course Apt. 201, Scottport, AZ 41045",875,Headache,Surgery,2024-04-16,8605.59,41,4498.16,Pending
719,Dennis Vincent,70,F,"3564 Smith Course Apt. 201, Scottport, AZ 41045",875,Headache,Surgery,2024-04-16,8605.59,147,496.24,Unpaid
719,Dennis Vincent,70,F,"3564 Smith Course Apt. 201, Scottport, AZ 41045",875,Headache,Surgery,2024-04-16,8605.59,479,3611.19,Unpaid
720,Deborah Wolfe,85,F,"211 Wilson Street, East Franciscoville, WI 30559",497,Flu,Medication,2024-02-22,949.07,971,949.07,Paid
721,April Berg,78,M,"153 David Locks, West Brian, UT 90915",34,Hypertension,Rest,2023-12-04,5928.4,606,3542.9,Paid
721,April Berg,78,M,"153 David Locks, West Brian, UT 90915",34,Hypertension,Rest,2023-12-04,5928.4,705,2385.5,Unpaid
724,Stephanie Rivas,76,M,"554 Hunter Parkway Suite 134, South Angelamouth, KS 72648",109,Hypertension,Diet Change,2024-07-27,5738.099999999999,331,1496.24,Unpaid
724,Stephanie Rivas,76,M,"554 Hunter Parkway Suite 134, South Angelamouth, KS 72648",109,Hypertension,Diet Change,2024-07-27,5738.099999999999,963,4241.86,Pending
724,Stephanie Rivas,76,M,"554 Hunter Parkway Suite 134, South Angelamouth, KS 72648",176,Allergy,Inhaler,2024-06-10,5738.099999999999,331,1496.24,Unpaid
724,Stephanie Rivas,76,M,"554 Hunter Parkway Suite 134, South Angelamouth, KS 72648",176,Allergy,Inhaler,2024-06-10,5738.099999999999,963,4241.86,Pending
726,Trevor Martinez,81,F,"1159 Beth Run, West Angelaburgh, AR 11977",439,Allergy,Rest,2023-08-29,4188.14,415,4188.14,Pending
732,Scott Sharp,66,M,"5119 Robert Causeway Suite 342, East Anthony, VA 67316",52,Flu,Diet Change,2024-03-15,1635.82,693,1635.82,Paid
732,Scott Sharp,66,M,"5119 Robert Causeway Suite 342, East Anthony, VA 67316",53,Flu,Medication,2023-11-16,1635.82,693,1635.82,Paid
732,Scott Sharp,66,M,"5119 Robert Causeway Suite 342, East Anthony, VA 67316",259,Cold,Physical Therapy,2024-03-19,1635.82,693,1635.82,Paid
733,Lisa Gonzalez,62,M,"9667 Coleman Trafficway Suite 976, South Andrew, WA 18684",789,Flu,Rest,2024-04-06,5297.33,132,1184.13,Unpaid
733,Lisa Gonzalez,62,M,"9667 Coleman Trafficway Suite 976, South Andrew, WA 18684",789,Flu,Rest,2024-04-06,5297.33,470,606.82,Unpaid
733,Lisa Gonzalez,62,M,"9667 Coleman Trafficway Suite 976, South Andrew, WA 18684",789,Flu,Rest,2024-04-06,5297.33,831,3506.38,Unpaid
734,Brianna Morrison,54,F,"00443 Murray Plain, West Annestad, CA 44673",825,Back Pain,Exercise,2024-04-13,2832.26,482,2001.19,Unpaid
734,Brianna Morrison,54,F,"00443 Murray Plain, West Annestad, CA 44673",825,Back Pain,Exercise,2024-04-13,2832.26,843,831.07,Pending
742,David Edwards,73,F,"7877 Savannah Mountain Suite 419, South Georgeville, PA 41690",174,Allergy,Surgery,2024-05-26,664.64,489,664.64,Paid
742,David Edwards,73,F,"7877 Savannah Mountain Suite 419, South Georgeville, PA 41690",621,Headache,Surgery,2024-01-05,664.64,489,664.64,Paid
742,David Edwards,73,F,"7877 Savannah Mountain Suite 419, South Georgeville, PA 41690",916,Asthma,Exercise,2024-03-31,664.64,489,664.64,Paid
744,Jennifer Taylor,62,M,"1797 Wall Flats Suite 697, Teresatown, MO 53789",238,Cold,Medication,2024-06-06,4277.6,420,4277.6,Pending
744,Jennifer Taylor,62,M,"1797 Wall Flats Suite 697, Teresatown, MO 53789",909,Headache,Rest,2024-05-18,4277.6,420,4277.6,Pending
746,Timothy Davis,59,M,"Unit 5130 Box 6689, DPO AE 04311",31,Asthma,Medication,2024-01-26,3244.6200000000003,65,276.32,Paid
746,Timothy Davis,59,M,"Unit 5130 Box 6689, DPO AE 04311",31,Asthma,Medication,2024-01-26,3244.6200000000003,302,2968.3,Pending
747,Terry Woodward,64,F,"317 Jeremy Road Suite 445, East Albertshire, PW 99814",269,Back Pain,Medication,2024-06-25,870.92,528,215.65,Pending
747,Terry Woodward,64,F,"317 Jeremy Road Suite 445, East Albertshire, PW 99814",269,Back Pain,Medication,2024-06-25,870.92,974,655.27,Paid
747,Terry Woodward,64,F,"317 Jeremy Road Suite 445, East Albertshire, PW 99814",728,Asthma,Surgery,2023-11-10,870.92,528,215.65,Pending
747,Terry Woodward,64,F,"317 Jeremy Road Suite 445, East Albertshire, PW 99814",728,Asthma,Surgery,2023-11-10,870.92,974,655.27,Paid
750,Kathryn Lopez,60,F,"03151 Carrillo Ferry, North Amy, FL 28071",261,Flu,Physical Therapy,2024-05-15,4917.73,829,4917.73,Paid
750,Kathryn Lopez,60,F,"03151 Carrillo Ferry, North Amy, FL 28071",416,Cold,Exercise,2023-09-29,4917.73,829,4917.73,Paid
753,Jamie Everett,53,F,"54121 Hurley Parks Apt. 191, Wendyhaven, ID 76847",674,Flu,Diet Change,2024-04-21,3301.46,532,3301.46,Unpaid
759,Keith Curry,58,M,"3736 Simon Grove, West Markberg, WY 29847",913,Hypertension,Surgery,2023-11-24,4869.09,130,1547.11,Paid
759,Keith Curry,58,M,"3736 Simon Grove, West Markberg, WY 29847",913,Hypertension,Surgery,2023-11-24,4869.09,935,3321.98,Paid
769,Jennifer Thomas,60,F,"582 Evans Knoll Suite 325, Davidland, CA 59173",918,Flu,Surgery,2024-01-16,219.59,927,219.59,Paid
781,Timothy Hatfield,59,F,"1379 Elizabeth Ridges, Lake Angela, NM 27224",565,Headache,Exercise,2023-12-16,2514.39,50,2514.39,Paid
781,Timothy Hatfield,59,F,"1379 Elizabeth Ridges, Lake Angela, NM 27224",645,Back Pain,Diet Change,2024-06-25,2514.39,50,2514.39,Paid
782,Leon Marks,78,F,"514 Griffin Knolls, Christopherfurt, NM 83476",853,Diabetes,Diet Change,2024-06-11,3159.11,531,3159.11,Paid
783,Jose Davidson,69,M,"19411 Cox Mission Suite 067, Lake Thomas, FL 34859",92,Diabetes,Diet Change,2023-12-11,3947.26,406,264.92,Paid
783,Jose Davidson,69,M,"19411 Cox Mission Suite 067, Lake Thomas, FL 34859",92,Diabetes,Diet Change,2023-12-11,3947.26,755,3682.34,Unpaid
785,Andrew Wiley,75,F,"581 Zhang Skyway, Adamton, TX 34958",794,Allergy,Physical Therapy,2024-07-23,4778.61,372,4778.61,Pending
786,Sarah Jimenez,61,F,"477 Miller Passage, Malloryside, NY 42099",685,Diabetes,Diet Change,2023-09-12,1635.87,474,1635.87,Paid
793,Nina Hurley,81,F,"139 West Plains, East Christianbury, MS 04791",756,Hypertension,Exercise,2024-05-19,1637.94,828,1637.94,Pending
796,Nathan Carter MD,57,M,"8500 Edward Expressway Apt. 390, Nicholastown, MS 20372",933,Back Pain,Inhaler,2023-10-13,3894.4,618,3894.4,Pending
797,Jessica Mckinney,59,M,"8660 Boyd Place, East Andrea, NM 56341",537,Flu,Rest,2024-05-17,7001.110000000001,97,3471.94,Pending
797,Jessica Mckinney,59,M,"8660 Boyd Place, East Andrea, NM 56341",537,Flu,Rest,2024-05-17,7001.110000000001,968,3529.17,Paid
799,Kimberly Whitehead,77,M,"619 Paul Mountain Suite 487, Royland, NM 74533",150,Diabetes,Medication,2024-03-02,4017.61,358,4017.61,Pending
803,Marie Saunders,64,M,"4371 David Street Suite 694, Nguyenhaven, ID 88419",704,Flu,Surgery,2024-08-05,4981.67,519,4981.67,Pending
806,Susan Rowland,84,F,"30730 Shannon Lakes, Victorview, VI 54197",164,Headache,Inhaler,2024-02-08,4772.0,449,4772.0,Pending
806,Susan Rowland,84,F,"30730 Shannon Lakes, Victorview, VI 54197",580,Asthma,Physical Therapy,2023-09-30,4772.0,449,4772.0,Pending
813,Linda Harrison,62,M,"USNV Smith, FPO AE 55809",96,Allergy,Inhaler,2024-03-08,537.96,7,537.96,Paid
813,Linda Harrison,62,M,"USNV Smith, FPO AE 55809",107,Back Pain,Rest,2024-05-12,537.96,7,537.96,Paid
818,Daniel Martinez,60,F,"Unit 6525 Box 6147, DPO AA 87159",89,Cold,Exercise,2023-12-12,6863.77,216,2171.73,Unpaid
818,Daniel Martinez,60,F,"Unit 6525 Box 6147, DPO AA 87159",89,Cold,Exercise,2023-12-12,6863.77,437,4692.04,Paid
822,Bob Fitzgerald,73,M,"10176 April Spring, Gonzalezfurt, TX 40044",51,Flu,Inhaler,2023-09-02,4858.97,373,4421.79,Paid
822,Bob Fitzgerald,73,M,"10176 April Spring, Gonzalezfurt, TX 40044",51,Flu,Inhaler,2023-09-02,4858.97,653,437.18,Unpaid
822,Bob Fitzgerald,73,M,"10176 April Spring, Gonzalezfurt, TX 40044",58,Headache,Exercise,2024-03-01,4858.97,373,4421.79,Paid
822,Bob Fitzgerald,73,M,"10176 April Spring, Gonzalezfurt, TX 40044",58,Headache,Exercise,2024-03-01,4858.97,653,437.18,Unpaid
822,Bob Fitzgerald,73,M,"10176 April Spring, Gonzalezfurt, TX 40044",746,Flu,Diet Change,2024-08-07,4858.97,373,4421.79,Paid
822,Bob Fitzgerald,73,M,"10176 April Spring, Gonzalezfurt, TX 40044",746,Flu,Diet Change,2024-08-07,4858.97,653,437.18,Unpaid
823,Heather Sanchez,72,F,"86705 Steele Ferry, North Brianmouth, MA 96970",121,Asthma,Rest,2024-07-20,4771.08,515,276.84,Paid
823,Heather Sanchez,72,F,"86705 Steele Ferry, North Brianmouth, MA 96970",121,Asthma,Rest,2024-07-20,4771.08,708,4494.24,Paid
823,Heather Sanchez,72,F,"86705 Steele Ferry, North Brianmouth, MA 96970",742,Hypertension,Exercise,2023-10-09,4771.08,515,276.84,Paid
823,Heather Sanchez,72,F,"86705 Steele Ferry, North Brianmouth, MA 96970",742,Hypertension,Exercise,2023-10-09,4771.08,708,4494.24,Paid
824,Kelly Martinez,58,M,"7351 Davis Mill Apt. 252, Scottville, ME 17385",677,Allergy,Exercise,2023-08-20,7329.6900000000005,259,2479.42,Pending
824,Kelly Martinez,58,M,"7351 Davis Mill Apt. 252, Scottville, ME 17385",677,Allergy,Exercise,2023-08-20,7329.6900000000005,303,4850.27,Paid
824,Kelly Martinez,58,M,"7351 Davis Mill Apt. 252, Scottville, ME 17385",982,Back Pain,Medication,2024-05-11,7329.6900000000005,259,2479.42,Pending
824,Kelly Martinez,58,M,"7351 Davis Mill Apt. 252, Scottville, ME 17385",982,Back Pain,Medication,2024-05-11,7329.6900000000005,303,4850.27,Paid
832,Cassandra Walker,85,M,"8145 Schmitt Estate Apt. 743, New Charleneland, VI 87734",350,Hypertension,Diet Change,2024-03-12,8279.24,22,4994.1,Unpaid
832,Cassandra Walker,85,M,"8145 Schmitt Estate Apt. 743, New Charleneland, VI 87734",350,Hypertension,Diet Change,2024-03-12,8279.24,383,3285.14,Pending
837,Julie Smith,62,F,"467 Toni Estate, Phillipsstad, TN 17956",688,Allergy,Physical Therapy,2023-11-20,1066.55,713,1066.55,Unpaid
838,Monica Mason,67,F,"5835 Lee Road, West Thomasshire, OH 77930",330,Diabetes,Exercise,2024-05-09,266.61,343,266.61,Unpaid
839,Melissa Hammond,77,F,"104 Nathan Field, New Brianstad, MS 02295",722,Flu,Rest,2024-02-18,4081.85,184,4081.85,Pending
852,Julie Schneider,59,M,"1670 Sharon Key, Beckerhaven, CT 37729",670,Headache,Rest,2024-08-17,2427.74,472,2427.74,Pending
858,Kathleen Booth,63,M,"884 Brandon Way Suite 763, Sawyerview, DE 93822",203,Cold,Medication,2024-04-04,4217.98,955,4217.98,Unpaid
859,George Miller,53,M,"PSC 1713, Box 5383, APO AP 83246",67,Back Pain,Surgery,2024-03-18,5895.57,315,3734.23,Paid
859,George Miller,53,M,"PSC 1713, Box 5383, APO AP 83246",67,Back Pain,Surgery,2024-03-18,5895.57,362,2161.34,Pending
859,George Miller,53,M,"PSC 1713, Box 5383, APO AP 83246",520,Hypertension,Medication,2024-06-27,5895.57,315,3734.23,Paid
859,George Miller,53,M,"PSC 1713, Box 5383, APO AP 83246",520,Hypertension,Medication,2024-06-27,5895.57,362,2161.34,Pending
860,Stephanie Hopkins,56,M,"381 Debbie Cliffs Suite 310, West Joshuatown, SC 28531",42,Diabetes,Diet Change,2024-01-16,6128.469999999999,196,3978.58,Paid
860,Stephanie Hopkins,56,M,"381 Debbie Cliffs Suite 310, West Joshuatown, SC 28531",42,Diabetes,Diet Change,2024-01-16,6128.469999999999,856,2149.89,Unpaid
864,Jamie Melton,57,M,"42784 Erika Fields Suite 615, North Margaretbury, VT 75060",609,Back Pain,Surgery,2024-08-02,4962.91,879,4962.91,Unpaid
870,Melissa King,55,M,"524 Paul Viaduct, Nicoletown, MO 64986",55,Headache,Surgery,2023-11-02,4698.99,121,4698.99,Pending
873,Robert Simmons,60,M,"8377 Andrew Fort, West Josephville, MD 17117",983,Headache,Inhaler,2024-06-30,772.55,781,772.55,Unpaid
876,Lisa Rodriguez MD,52,F,"995 Mueller Unions Suite 012, Graybury, IL 28307",221,Diabetes,Physical Therapy,2024-01-21,4922.72,84,4922.72,Unpaid
884,Mark Smith,57,M,"92280 Le Dam Apt. 252, Dixonport, DE 01954",903,Hypertension,Surgery,2023-10-21,4417.71,131,4417.71,Pending
886,Brendan Coleman,54,F,"9082 Camacho Highway, Hernandezfort, AZ 18639",188,Diabetes,Rest,2024-01-22,3046.95,563,3046.95,Paid
896,Heather Donovan,60,M,"36689 Ashley Mountains, Port Wayne, MS 10947",669,Headache,Medication,2023-10-27,8626.43,299,3144.12,Paid
896,Heather Donovan,60,M,"36689 Ashley Mountains, Port Wayne, MS 10947",669,Headache,Medication,2023-10-27,8626.43,429,2109.99,Pending
896,Heather Donovan,60,M,"36689 Ashley Mountains, Port Wayne, MS 10947",669,Headache,Medication,2023-10-27,8626.43,731,3372.32,Paid
896,Heather Donovan,60,M,"36689 Ashley Mountains, Port Wayne, MS 10947",954,Allergy,Physical Therapy,2023-09-22,8626.43,299,3144.12,Paid
896,Heather Donovan,60,M,"36689 Ashley Mountains, Port Wayne, MS 10947",954,Allergy,Physical Therapy,2023-09-22,8626.43,429,2109.99,Pending
896,Heather Donovan,60,M,"36689 Ashley Mountains, Port Wayne, MS 10947",954,Allergy,Physical Therapy,2023-09-22,8626.43,731,3372.32,Paid
897,Sarah Martinez,82,F,"3253 Margaret Estate Apt. 529, Brightshire, AS 93194",639,Headache,Surgery,2024-08-03,4149.95,925,4149.95,Paid
902,Deanna Garcia,72,M,"12877 Cynthia Square Suite 988, East Scottberg, GU 03490",46,Asthma,Diet Change,2024-06-29,4527.07,192,3666.82,Paid
902,Deanna Garcia,72,M,"12877 Cynthia Square Suite 988, East Scottberg, GU 03490",46,Asthma,Diet Change,2024-06-29,4527.07,236,279.72,Paid
902,Deanna Garcia,72,M,"12877 Cynthia Square Suite 988, East Scottberg, GU 03490",46,Asthma,Diet Change,2024-06-29,4527.07,359,580.53,Unpaid
907,Brian Wyatt,78,F,"35070 Brenda Motorway, West Charlene, NM 18334",433,Hypertension,Medication,2024-02-13,4915.38,900,4915.38,Pending
908,Juan Krause,67,M,"050 Rice Locks Apt. 977, Stevenville, FL 01810",111,Hypertension,Exercise,2024-02-23,3705.01,633,3705.01,Paid
908,Juan Krause,67,M,"050 Rice Locks Apt. 977, Stevenville, FL 01810",737,Cold,Physical Therapy,2023-09-20,3705.01,633,3705.01,Paid
914,Amy Brown,81,M,"21884 Jennifer Gateway Suite 893, Alexanderfort, NE 93030",852,Headache,Diet Change,2024-07-26,4030.45,37,1428.21,Unpaid
914,Amy Brown,81,M,"21884 Jennifer Gateway Suite 893, Alexanderfort, NE 93030",852,Headache,Diet Change,2024-07-26,4030.45,124,1756.11,Paid
914,Amy Brown,81,M,"21884 Jennifer Gateway Suite 893, Alexanderfort, NE 93030",852,Headache,Diet Change,2024-07-26,4030.45,754,846.13,Unpaid
915,Brenda Valdez,58,M,"3559 Kent Junction Apt. 384, North Rachelburgh, NH 11579",821,Cold,Rest,2023-09-15,4474.27,670,4474.27,Unpaid
916,Andrew Taylor,84,F,"Unit 2709 Box 9583, DPO AP 22522",989,Asthma,Physical Therapy,2023-09-16,12464.87,237,4823.0,Unpaid
916,Andrew Taylor,84,F,"Unit 2709 Box 9583, DPO AP 22522",989,Asthma,Physical Therapy,2023-09-16,12464.87,700,696.18,Unpaid
916,Andrew Taylor,84,F,"Unit 2709 Box 9583, DPO AP 22522",989,Asthma,Physical Therapy,2023-09-16,12464.87,759,4772.64,Unpaid
916,Andrew Taylor,84,F,"Unit 2709 Box 9583, DPO AP 22522",989,Asthma,Physical Therapy,2023-09-16,12464.87,861,2173.05,Paid
920,Cody Hernandez,57,M,"358 Patterson Groves Apt. 906, West Carolyn, KY 92681",420,Diabetes,Medication,2023-08-23,2370.58,907,2370.58,Pending
921,David Kelly,84,F,"728 Simmons Street, Nancyland, VA 40398",958,Allergy,Inhaler,2024-07-14,3461.93,648,3461.93,Pending
928,Heather Ruiz,68,F,"584 Arnold Ways, South Adrian, SD 43382",148,Flu,Inhaler,2024-01-05,3141.42,175,3141.42,Paid
928,Heather Ruiz,68,F,"584 Arnold Ways, South Adrian, SD 43382",822,Headache,Rest,2024-05-16,3141.42,175,3141.42,Paid
935,Tiffany Duffy,58,F,"4089 Mitchell Parkways Suite 391, South Andrewville, MO 62098",44,Asthma,Diet Change,2024-05-05,1434.15,268,1434.15,Unpaid
935,Tiffany Duffy,58,F,"4089 Mitchell Parkways Suite 391, South Andrewville, MO 62098",304,Flu,Rest,2024-07-10,1434.15,268,1434.15,Unpaid
937,George Campbell,80,F,"2028 Allison Locks Apt. 176, Markville, FL 39745",879,Headache,Diet Change,2023-09-22,7830.85,270,4607.28,Pending
937,George Campbell,80,F,"2028 Allison Locks Apt. 176, Markville, FL 39745",879,Headache,Diet Change,2023-09-22,7830.85,442,672.25,Unpaid
937,George Campbell,80,F,"2028 Allison Locks Apt. 176, Markville, FL 39745",879,Headache,Diet Change,2023-09-22,7830.85,950,2551.32,Unpaid
938,Alvin Parker,72,F,"878 Bennett Avenue Suite 123, Port Randallberg, IL 67093",448,Hypertension,Rest,2024-07-01,4765.52,530,3312.87,Unpaid
938,Alvin Parker,72,F,"878 Bennett Avenue Suite 123, Port Randallberg, IL 67093",448,Hypertension,Rest,2024-07-01,4765.52,572,1452.65,Unpaid
939,Ivan Potts,80,F,"627 Kelly Cliff, East Misty, AK 48419",209,Asthma,Rest,2023-08-30,3089.12,161,2681.49,Pending
939,Ivan Potts,80,F,"627 Kelly Cliff, East Misty, AK 48419",209,Asthma,Rest,2023-08-30,3089.12,643,407.63,Pending
939,Ivan Potts,80,F,"627 Kelly Cliff, East Misty, AK 48419",319,Back Pain,Physical Therapy,2024-04-26,3089.12,161,2681.49,Pending
939,Ivan Potts,80,F,"627 Kelly Cliff, East Misty, AK 48419",319,Back Pain,Physical Therapy,2024-04-26,3089.12,643,407.63,Pending
945,Logan Roth,64,F,"2636 Katie Rapid Apt. 750, Jenniferberg, TX 88978",553,Hypertension,Exercise,2023-09-10,3143.27,931,3143.27,Paid
946,Donna Lawrence,56,M,"5531 Smith Lane Apt. 843, Erinberg, VI 79753",10,Diabetes,Medication,2024-02-01,249.71,522,249.71,Pending
948,Angela Miller,59,M,"2027 Hood Trail Suite 501, East Karenborough, AL 63269",172,Asthma,Medication,2023-09-14,6138.9,6,4479.0,Unpaid
948,Angela Miller,59,M,"2027 Hood Trail Suite 501, East Karenborough, AL 63269",172,Asthma,Medication,2023-09-14,6138.9,200,1659.9,Paid
949,Laura Waters,70,M,"89808 Zachary Island, Anthonystad, KY 38944",245,Hypertension,Diet Change,2024-08-12,4361.01,554,4361.01,Paid
950,Timothy Prince,82,F,"956 Brenda Junction Apt. 106, Simsside, MN 23625",529,Flu,Surgery,2023-11-06,1653.83,847,1653.83,Paid
963,Scott Davis,55,F,"91700 Robles Stream Suite 865, Nguyenchester, NY 13668",399,Flu,Exercise,2024-08-16,6144.2,733,4280.36,Pending
963,Scott Davis,55,F,"91700 Robles Stream Suite 865, Nguyenchester, NY 13668",399,Flu,Exercise,2024-08-16,6144.2,798,1863.84,Paid
965,Elizabeth Wiley,80,M,"1765 Gibbs Forge, Lake Danielhaven, GU 87290",710,Headache,Inhaler,2024-04-06,3496.48,209,3496.48,Paid
973,Ms. Kayla Knox,70,F,"PSC 1320, Box 6642, APO AE 23442",147,Back Pain,Exercise,2023-12-12,1365.6899999999998,376,60.57,Pending
973,Ms. Kayla Knox,70,F,"PSC 1320, Box 6642, APO AE 23442",147,Back Pain,Exercise,2023-12-12,1365.6899999999998,402,1305.12,Unpaid
973,Ms. Kayla Knox,70,F,"PSC 1320, Box 6642, APO AE 23442",632,Back Pain,Exercise,2024-08-09,1365.6899999999998,376,60.57,Pending
973,Ms. Kayla Knox,70,F,"PSC 1320, Box 6642, APO AE 23442",632,Back Pain,Exercise,2024-08-09,1365.6899999999998,402,1305.12,Unpaid
978,Christina Alexander,75,M,"7387 Brianna Ford, Jennifermouth, MA 10004",480,Asthma,Medication,2024-03-21,6321.6,330,3334.43,Paid
978,Christina Alexander,75,M,"7387 Brianna Ford, Jennifermouth, MA 10004",480,Asthma,Medication,2024-03-21,6321.6,734,2987.17,Paid
978,Christina Alexander,75,M,"7387 Brianna Ford, Jennifermouth, MA 10004",857,Cold,Diet Change,2023-12-29,6321.6,330,3334.43,Paid
978,Christina Alexander,75,M,"7387 Brianna Ford, Jennifermouth, MA 10004",857,Cold,Diet Change,2023-12-29,6321.6,734,2987.17,Paid
979,Wendy Johnson,60,F,"0573 Drake Stravenue Apt. 767, North Jennifer, AS 77350",582,Back Pain,Medication,2024-06-11,4502.27,63,4502.27,Paid
980,Natasha Harris,63,F,"15999 Christopher Harbor Apt. 915, East Angela, NC 87749",384,Asthma,Medication,2024-02-16,1579.06,3,524.55,Unpaid
980,Natasha Harris,63,F,"15999 Christopher Harbor Apt. 915, East Angela, NC 87749",384,Asthma,Medication,2024-02-16,1579.06,740,1054.51,Pending
983,Angela Davis,54,M,"85727 Marvin Well, Howelltown, AL 30406",521,Allergy,Exercise,2023-11-10,6034.75,265,2040.08,Pending
983,Angela Davis,54,M,"85727 Marvin Well, Howelltown, AL 30406",521,Allergy,Exercise,2023-11-10,6034.75,683,3994.67,Paid
988,Robert Ibarra,77,F,"9042 Donna Crossing Apt. 050, Kristinchester, FM 11642",35,Diabetes,Medication,2024-03-14,782.8,685,782.8,Unpaid
996,Daniel May,51,M,"179 Deborah Oval Apt. 061, Garciaton, MS 97347",887,Asthma,Rest,2024-01-21,3620.8999999999996,225,2236.97,Pending
996,Daniel May,51,M,"179 Deborah Oval Apt. 061, Garciaton, MS 97347",887,Asthma,Rest,2024-01-21,3620.8999999999996,897,1383.93,Unpaid
997,Lisa Clark,55,M,"2126 Debbie Port Suite 462, New Sarah, WA 67987",776,Headache,Inhaler,2024-06-28,3824.54,317,1849.62,Pending
997,Lisa Clark,55,M,"2126 Debbie Port Suite 462, New Sarah, WA 67987",776,Headache,Inhaler,2024-06-28,3824.54,413,1974.92,Pending
999,David Serrano,73,M,"6228 Vanessa Prairie, Sullivanhaven, MP 19335",234,Asthma,Inhaler,2023-10-19,2339.78,134,2339.78,Pending
