patient_id,name,age,gender,address
1,Theresa Sherman,72,F,"6674 Nicholas Path, Maryland, CA 04711"
2,Ashley Trevino,27,M,"9255 Wilkinson Viaduct, North Dale, IN 85205"
3,Karen Burnett,36,M,"56650 Rachel Fork Apt. 578, Lake Robert, AZ 40021"
4,Michael Sanders,77,M,"1744 Reeves Rest, Emilyville, OR 35147"
5,Lindsey Martinez,75,M,"8341 Mercedes Ford, Nortonview, AR 41102"
6,Elizabeth Olson,21,F,"USNV Fritz, FPO AA 47367"
7,Michelle Villa,60,F,"53040 Barry Meadows, Espinozahaven, NV 71767"
8,Catherine Bowers,54,M,"91504 Davidson Cape Apt. 442, Burkemouth, KS 58116"
9,Miguel Ward,50,F,"6143 Brandi Hollow Apt. 201, Port Bridgetside, RI 06226"
10,Joshua Buchanan,54,M,"8987 Alexis Viaduct Apt. 193, Trujilloville, HI 76777"
11,Michael Woods,58,M,"PSC 2652, Box 5298, APO AA 60783"
12,Aaron Brown,59,M,"104 Mary Cape Suite 856, North Michelleburgh, TX 78140"
13,Stephanie Lopez,50,F,"9106 Thompson Pines, Port Stephentown, GA 32675"
14,Darin White,64,M,"2677 Holmes Tunnel Suite 917, Lake Rebeccaport, ID 79950"
15,Maria Lester,44,F,"6495 Diane Square, Andreville, VT 76025"
16,Shawn Miller,76,F,"57627 Hernandez Village Apt. 159, West Monicaberg, OK 78810"
17,Haley Nguyen,35,F,"402 Edwards Plaza Suite 236, New Annamouth, CA 02963"
18,Kenneth Cooper,68,M,"2008 Sandra Roads Apt. 127, New Andreashire, CO 10646"
19,Hannah Campbell,58,M,"37372 Murphy Forges Apt. 275, Cassidyborough, DE 57222"
20,Derek Benitez,31,F,"618 Charlotte Squares, Port Scottview, AK 68968"
21,Shirley Nunez,57,M,"8979 Brown Views Apt. 580, Cochranfurt, MI 63744"
22,Gary Paul,76,M,"35487 Amy Light, Tranmouth, FM 91914"
23,Angela Newman,44,M,"5394 Craig Glens, East Steve, NC 51861"
24,Robin Cardenas,77,F,"6948 Carter Fords Suite 583, East William, MA 21755"
25,Casey Hawkins,36,F,"83430 David Trail Apt. 786, West Johnbury, IN 09756"
26,Randall Galloway,31,F,"04337 Patricia Curve Apt. 950, North Christine, KY 06735"
27,Tasha Simon,25,F,"340 Robert Oval, Meyerfort, UT 99072"
28,Corey Hill,64,F,"513 Allen Bypass, Danielsberg, PA 49129"
29,Marilyn Miller,27,F,"5204 Skinner Burgs, West Dominiqueborough, VA 35144"
30,Jason Osborne,85,F,"32893 Johnson Radial Suite 243, Danielville, TX 31068"
31,Megan Roberts,78,M,"1311 Tony Rapids Suite 282, New Kimberly, MS 56471"
32,Mr. Douglas Bennett,47,M,"429 Case Glens, Clarkstad, OK 25867"
33,Mary Johnson,30,M,"8219 Anderson Lodge, Smithbury, IL 26591"
34,Cindy Castillo,55,F,"885 Rachel Fields Suite 157, Feliciabury, OK 77468"
35,Holly Wilson,76,M,"551 Michael Streets, North Matthew, TN 46692"
36,Shawn Day,20,F,"969 Cheryl Lock, Lake Victoria, OK 47601"
37,William Ray,53,F,"970 Hess Well Apt. 718, Jenniferberg, FM 75999"
38,Jessica Francis,26,F,"Unit 7588 Box 0150, DPO AP 89063"
39,Tammy Mason,80,F,"USS Evans, FPO AE 67999"
40,Jeffrey Collins,35,M,"6854 Robert Mountain, Whiteberg, NJ 47723"
41,Heather Brady,82,F,"251 Kendra Spur Suite 372, South Aaronhaven, GA 30668"
42,Caitlin Mccoy,20,F,"6316 Rebecca Rue Apt. 123, Port Angela, IA 75242"
43,Debbie Jackson,30,M,"63190 Zavala Springs Apt. 434, Shelbymouth, SC 38171"
44,Valerie Johnson,44,M,"4045 Edward Forges Apt. 887, South Jimmy, TX 33702"
45,Miss Stacey Brown,33,M,"37638 Baxter Road, West Stacy, SD 06242"
46,Natalie Harding,27,M,"11154 Rojas Springs, North Ryan, NY 13598"
47,Daniel Petty,75,F,"1280 Teresa Manors, South Michaelchester, AZ 49948"
48,Rebecca Henry,83,M,"803 Christian Pike Suite 280, Matthewfort, AK 60027"
49,Bryan Walker,80,F,"7684 Dominguez Canyon Apt. 680, Port Jessicaborough, PA 01579"
50,Carl Good,20,F,"6276 Daniel Pass Apt. 611, Pierceport, CT 16274"
51,April Wright,65,M,"PSC 9412, Box 5858, APO AE 72101"
52,Samantha Barr,76,M,"610 Lynn Glens, North Maryland, HI 68943"
53,Jose Malone,40,M,"6053 Bryan Shores, East Julie, NC 18284"
54,Valerie Wallace,23,M,"61442 Ebony Rapid Apt. 148, Kimstad, AR 50980"
55,Clayton Liu,69,F,"USNS Thompson, FPO AP 08372"
56,Joshua Williams,58,M,"44257 Bruce River Apt. 932, Harryborough, NJ 11592"
57,Jordan Ramirez,35,M,"887 Stephanie Road Suite 794, East Juan, SD 01487"
58,Gregory Hansen,61,M,"18037 Megan Field Suite 654, Littleshire, TX 95239"
59,Kari Moran,19,M,"729 Pamela Spurs Suite 450, New Amandaport, TN 34502"
60,Vanessa Pittman,82,F,"062 Steven Burg, Michaelmouth, LA 54060"
61,Carolyn May,43,F,"38990 Elizabeth Locks Suite 327, Port Tiffany, OR 42427"
62,Lindsey Nguyen,63,F,"9158 Lane Lodge Suite 748, West Geoffrey, IL 28729"
63,Jeffrey Robbins,36,F,"913 Sarah Keys, Toniville, FM 36423"
64,Terri Brown,52,F,"445 Jack Shores Apt. 602, Brownmouth, AK 26637"
65,Tina Morales,49,F,"353 Lori Ridge Suite 747, Kevinburgh, GU 93921"
66,Timothy Gardner,78,F,"USCGC Burton, FPO AE 56384"
67,Erin Dennis,34,F,"7624 Kristina Overpass, North Carriemouth, MI 62319"
68,Jeremy Price,35,F,"PSC 8461, Box 7762, APO AP 33190"
69,Alfred Hart,77,M,"345 Amy Loaf Apt. 557, Griffinberg, KY 83600"
70,Matthew Reynolds,37,F,"222 Williams Neck Apt. 196, West Sydney, MD 79701"
71,Cheryl Hester,80,M,"PSC 2930, Box 3252, APO AA 42220"
72,Amanda Ramsey,34,M,"55166 Scott Ridges, South Michelle, IN 67691"
73,Melanie Jones,83,M,"182 Williamson Common, New Jennifermouth, ID 22274"
74,Kevin Watkins,74,F,"45138 Mike Green, Port Johntown, MS 33818"
75,Krista Grant,62,M,"6289 Frost Mountains Suite 955, Colemanhaven, IA 72483"
76,Anthony Payne,67,F,"USNS Dunn, FPO AP 67704"
77,Austin Joyce,42,F,"53675 Parks Ferry Suite 944, Rodrigueztown, TN 74702"
78,Emily Maxwell,35,M,"7143 Kaylee Mountains Suite 879, West Jasonside, MS 14867"
79,Donald Martin,29,M,"66701 Paul Spring Apt. 864, Pruittberg, VI 67755"
80,Jessica Hendricks,72,M,"137 Dyer Junction, Port Aaron, VI 11003"
81,Deanna Williams,19,F,"99130 Humphrey Walks Suite 954, West Samuelmouth, NH 42292"
82,Daniel Austin,68,F,"60847 Benjamin Heights, New Roy, HI 03446"
83,Justin Ayala,42,M,"00821 David Meadow, North Kathrynview, ME 71542"
84,Andrea Smith,35,M,"3933 Alexa Crossroad Suite 401, Hancockmouth, ME 16953"
85,Carol Cox,82,M,"6565 Rose Ville, Lake Isabel, MH 14760"
86,Alicia Livingston,66,F,"12213 Donna Mission Suite 638, Martinezhaven, GU 26871"
87,Maria Austin,79,M,"087 Scott Spurs, Stevenberg, HI 03233"
88,James Douglas,48,F,"5561 Michelle Mews Suite 946, Jessicaport, NV 35541"
89,Rebecca Guzman,23,M,"771 Peterson Mills, South Edwin, SC 04275"
90,Carla House,78,M,"4420 Norman Junctions, Tracyshire, MA 98275"
91,Paul Navarro,41,M,"539 Briggs Trafficway Suite 889, Waltersmouth, AL 71481"
92,Dana Reed,38,F,"453 Priscilla Ranch, Carterstad, MH 26420"
93,Tonya Anderson,37,F,"5579 Morgan Brook, Reneefort, HI 65101"
94,Anthony Patel,47,F,"48280 Gonzalez Light Apt. 190, East Laurieville, IN 37062"
95,Anthony Weaver,57,M,"39017 Robert Station Apt. 658, Jamesstad, MA 62707"
96,Kendra Brown,73,M,"11393 James Fork, Port Margaretbury, NV 75991"
97,Keith Garcia,25,M,"14101 Mullins Springs, Floresfort, FL 96137"
98,Ruth Martinez,36,M,"1997 Wright Estate, Juliemouth, MA 68982"
99,Susan Tran,61,M,"09137 Alejandro Highway Suite 308, West Jessicaburgh, FL 06637"
100,Samantha Ruiz,44,M,"8836 Price Meadow, New Danielfurt, VA 79291"
101,Jonathan Long,29,F,"6252 Timothy Estates, West Davidbury, LA 45226"
102,Shannon Banks,33,F,"5694 Joseph Mill Apt. 725, North Paul, OR 81511"
103,David Harris,45,M,"Unit 3637 Box 4426, DPO AP 51084"
104,Emily Cohen,61,F,"72010 Ray Squares, Grantton, WI 41197"
105,Samantha Murphy,75,F,"433 Misty Ways, Port Janetside, UT 46919"
106,Jennifer Gates,46,M,"088 Riley Harbor Suite 561, South Jessebury, AK 34727"
107,Emily Morris,45,M,"1141 Lisa Corners Apt. 230, Deanland, CT 40395"
108,Martin Dunn,76,M,"3686 Stevens Haven, Sandersberg, TN 57265"
109,Darlene Hunter,62,F,"9047 Johnny Grove, Haynesstad, MI 51586"
110,Christopher Howe,39,M,"53511 Stephens Point Apt. 141, East Amandaview, MP 83216"
111,Kristin Wise,31,F,"3281 Shelby Lake, Cisnerosview, WI 69353"
112,Sean Rocha,62,F,"705 Tucker Causeway Suite 805, Kendrafurt, MO 11041"
113,Emily Garcia,38,F,"83885 Oliver Summit Suite 580, Lake Melissa, VT 48980"
114,Joseph Thomas,81,F,"7700 Baxter Ports, Mccoyview, AR 86690"
115,Richard Powell,32,F,"6667 Taylor Circle, Paulmouth, TX 30051"
116,Erin Williams,51,M,"41726 Prince Turnpike Suite 148, Mccormickbury, MA 70821"
117,Vanessa Gray,22,M,"Unit 5535 Box 2372, DPO AA 68878"
118,Brian Thomas,74,F,"71409 Haley Forest Apt. 857, Leeburgh, VT 69603"
119,Christina Sanchez,80,M,"5685 Robles View Suite 202, West Jerometown, TX 30626"
120,David Castro,20,F,"093 Kyle Pike Apt. 938, Lisahaven, MT 70126"
121,Cynthia Scott MD,77,M,"0149 Robinson Prairie Apt. 359, Danaport, VA 78918"
122,Gina Henry,65,M,"90526 Dennis Green, New Anthonyfort, LA 56751"
123,Richard Martin,47,M,"91034 Walker Divide Apt. 981, Maureenbury, DE 93034"
124,Michelle Graham,63,F,"PSC 7233, Box 8927, APO AE 13133"
125,Eric Perry,23,M,"7510 Walter View, Perezbury, NY 45999"
126,Christopher Garcia,25,M,"5603 Ralph Forge, Marilynburgh, GU 30984"
127,Madison Smith,63,F,"5883 Gregory Greens Apt. 914, West Peter, AL 94997"
128,Tara Smith,74,M,"PSC 2768, Box 2987, APO AP 47147"
129,Trevor Munoz,54,M,"PSC 4158, Box 8875, APO AE 51112"
130,Jessica Miller,63,F,"393 Wells Shoals, Port Stephanie, UT 68961"
131,Anne Copeland,79,F,"6865 Farley Throughway, Hicksburgh, PR 41339"
132,Tyler Hansen,27,F,"4066 Tara Harbor Apt. 927, South Peter, NE 13442"
133,Victoria Fisher,58,M,"791 Jordan Views, Lake Alison, UT 05652"
134,Peter Smith,20,M,"634 Richard Trail Suite 147, Stacyberg, MN 79857"
135,Rebecca Koch,71,F,"481 Kurt Track, South Deborahmouth, MD 69595"
136,Sara Reese,44,M,"78630 Barnes Harbors Suite 255, Jasonstad, AZ 51036"
137,Robert Morrison,72,M,"1724 Marie River Apt. 167, North Robert, IA 91611"
138,Tina Cook DVM,21,F,"66964 Kenneth Spurs, Sarahtown, NC 64919"
139,Tara Burns,70,M,"8075 Michael Walks Apt. 087, Reneefort, IN 21769"
140,Jennifer Ramsey,45,F,"63431 Wade Coves, Port Johnborough, DC 86328"
141,William Dyer,19,M,"730 Rivera Mission Apt. 520, Lake David, GU 65329"
142,Christopher Parker,41,F,"9745 Joshua Ports Suite 001, Jerrystad, CA 91714"
143,Amanda Rowland,49,F,"13162 Johnson Freeway Apt. 300, Thompsonland, OR 80322"
144,Nicole Brown,62,F,"568 Gibbs Mount Apt. 710, Masonside, ND 88563"
145,Bruce Ryan,52,M,"312 Oconnor Crossroad Apt. 259, Maryside, CA 27009"
146,Ashley Lloyd,83,M,"075 Timothy Curve Suite 895, Audreyhaven, NE 61941"
147,Kevin Griffin,82,M,"5749 Henderson Park, Linport, AZ 07911"
148,Suzanne Price DVM,45,M,"1967 Flores Centers Suite 066, Lake Brianhaven, KY 03095"
149,Earl Whitehead,84,F,"887 Margaret Glens, Michaelfurt, MP 41911"
150,Nicole Campbell,71,F,"224 Sandra Hollow Apt. 834, Port Whitneystad, MH 99511"
151,Jenna Wells,33,M,"3514 Melinda Ports Apt. 804, Cummingsbury, MD 70321"
152,Brittany Long MD,45,F,"24923 Joel Circle Suite 996, Kentborough, FL 22203"
153,John Perez,45,F,"9155 Jamie Center, Kimberlybury, CT 58162"
154,Edwin Joseph,62,F,"60263 Keith Passage Apt. 521, Cortezberg, SC 92130"
155,Jennifer Smith MD,52,M,"5042 Irwin Vista, Moraleschester, GU 15370"
156,Jackson Fisher,55,F,"604 Howard Forest, Catherinetown, NH 90038"
157,Amber Hoover,48,M,"12067 Johnston Cove, Port Robertberg, PW 65326"
158,Francisco Martin,26,F,"Unit 9726 Box 1479, DPO AP 22144"
159,Joyce Carlson,73,F,"651 Sarah Valleys Suite 220, Lawrenceland, PW 48552"
160,Mrs. Jessica Brooks,65,F,"09837 Fisher Hills Suite 574, North Keith, DE 14416"
161,Erin Blackburn,48,F,"6302 Wilson Springs, Jeffreymouth, NJ 62436"
162,Hunter Wood,77,F,"4209 Lang Ford Apt. 217, Jerryland, KY 67979"
163,Jamie Russell,33,F,"2029 Joe Spur Suite 177, North Mindyland, VI 62959"
164,Kayla Jones,76,M,"4498 Bryan Crossroad Suite 440, Elizabethburgh, ME 48024"
165,Amy Kim,72,M,"06759 Patel Junctions Apt. 754, Thomasburgh, WA 97826"
166,Elizabeth Brown,55,M,"39603 Smith Streets Apt. 278, West Jennifermouth, MH 36224"
167,Sheena Moreno,34,F,"8843 Jones Islands Apt. 033, Norrisborough, CA 75527"
168,James Allen,43,M,"676 Harrison Island Suite 359, Jessicamouth, VT 67174"
169,Ronald Romero,25,F,"056 Matthew Neck, Sullivanborough, VT 76925"
170,Susan King,76,M,"06029 Keith Road, South Stephanie, MH 11145"
171,Zoe Norton,80,F,"3117 Robin Crossing, Port Crystal, UT 54680"
172,Sarah Mitchell,34,M,"7162 Kennedy Locks Apt. 530, Lake Robert, NJ 90951"
173,Jeremy Valdez,84,F,"553 Fischer Mountain, New Karaview, DC 19551"
174,Steven Perez,75,F,"8592 Price Greens Suite 527, Josephberg, NJ 15620"
175,Morgan Logan,54,F,"72013 Christopher Knolls, North Sabrinaborough, AS 65914"
176,Justin Sanchez,33,M,"152 Alvarez Harbors Apt. 317, Pricebury, MI 83224"
177,Peggy Hart,48,F,"9074 Monroe Hill Suite 923, North Stephanie, IA 16378"
178,Taylor Bright,49,F,"941 Stewart Gardens Apt. 771, New Christopher, MA 76109"
179,Russell Clark,36,F,"1657 Mcdonald Stravenue Suite 107, East Herbert, FM 26199"
180,Courtney Phillips,24,F,"81710 Gina Falls Suite 605, Dawnburgh, VI 73959"
181,Ricky Byrd,80,F,"779 Hess Greens, Lopezmouth, AK 16675"
182,Christine Davis,45,F,"USS Wood, FPO AA 72235"
183,Barbara Gallagher,41,M,"82034 Christian Mountains Suite 843, Rebeccamouth, MO 85391"
184,Susan Brewer,52,F,"103 Tracy Mountains, New Kelliville, WV 51714"
185,Sarah Young,33,F,"158 Brandy Forges, New Thomas, OK 73550"
186,Julie Williams,82,M,"0867 Joseph Haven Apt. 453, Christopherhaven, AR 49909"
187,Leah Mercer,20,M,"10883 Stephanie Fall Apt. 430, Thomasborough, GU 58785"
188,Zachary Haynes,67,F,"5209 Eric Divide Suite 641, Tinachester, TN 48954"
189,Brian Banks,61,F,"58291 Long Village Apt. 113, Cassandraville, MI 27799"
190,Carol Silva,37,M,"095 Gross Path, Froststad, SD 56344"
191,Donna Jenkins,49,F,"64036 Terri Spring Apt. 669, Phillipside, AZ 03309"
192,Arthur Dougherty,65,F,"26306 Kimberly Plains Suite 346, Nicoleton, PA 94847"
193,Theresa Carter,37,M,"Unit 9078 Box 5862, DPO AA 80140"
194,Michael Gonzales,74,F,"503 Joel Manors Suite 200, South Dominicstad, MN 34827"
195,Elizabeth Mayo,51,M,"98295 Wendy Parkway, East Davidfort, PR 53994"
196,Paul Jimenez,66,M,"070 Patrick Way, Petersstad, HI 64610"
197,Tammie Hill,82,M,"USNV Williams, FPO AE 98578"
198,Michelle Gray,69,M,"25136 Philip Springs, Carterchester, PW 41712"
199,Patricia Patel,55,M,"USNV Day, FPO AP 14561"
200,Robin Davila,65,M,"190 Elizabeth Junction Suite 469, East Leslie, SD 98024"
201,Alex Jordan,74,M,"027 Meadows Mews, Shannonfurt, CT 32444"
202,Franklin Rocha,72,F,"3699 William Stream Suite 593, Samanthatown, IL 58386"
203,Wayne Juarez,55,M,"197 Alexander Port, Fischerstad, CO 32506"
204,Travis Miller,45,M,"2184 Vega Lake, Obrienland, LA 83750"
205,Candice Carey DDS,55,M,"81425 Wagner Corner, South Sydney, SD 76002"
206,Andrew King,37,F,"04228 Amber Flats, New Julieshire, NE 08639"
207,Jacqueline Bailey,54,M,"59379 Allen Canyon Suite 920, East Sheryl, MT 57416"
208,Anna Perez,84,F,"44894 Smith Ridge, Chapmanmouth, GU 35233"
209,Robin Cohen,23,M,"856 Hammond Forges Apt. 737, Jessicatown, AR 04409"
210,Kristine Hernandez,44,M,"873 Tyler Drive Apt. 468, Alexanderland, ID 12504"
211,Derrick Martinez,71,F,"49558 Nicole Streets, Laneland, DC 69027"
212,David Price DVM,54,M,"3053 Washington Extensions Suite 558, Whiteshire, TN 77401"
213,Mario Allen,40,F,"75215 Rose Street, Ricardomouth, ID 10418"
214,Michael Stanley,74,M,"066 Perry Forge Suite 515, Nataliemouth, VI 90075"
215,Michael Davenport,38,F,"7680 Richard Wall Suite 276, Riveraton, VT 69744"
216,Anthony Young,30,M,"3159 Jones Extensions Apt. 830, Lake Meganmouth, IL 60802"
217,Megan Whitaker,45,F,"61490 Schmidt Walk, Harrisonbury, TX 09465"
218,William Smith,43,F,"34544 Brady Flats Suite 185, Port Angela, AZ 74287"
219,Morgan Armstrong,40,F,"88385 Jonathan Mills, Shannonside, KS 31925"
220,Tyler Wise,52,M,"72926 Graham Place Apt. 338, Savannahfurt, SC 34172"
221,William Martin,33,F,"69729 Wilson Groves, Guerrerobury, CT 02749"
222,Zachary Webb,21,F,"148 Sandra Junction, Jamesburgh, KY 75009"
223,Mitchell Fernandez,45,F,"2625 Owens Track Apt. 248, New Alexandra, UT 60237"
224,Michelle Wilson,67,M,"99464 Brian Estate Apt. 576, West Alexisfort, DE 16192"
225,Seth Davidson,49,F,"919 Stephanie Islands, Robertshaven, KS 15956"
226,Robert Fernandez,54,F,"USNS Williams, FPO AA 95553"
227,Michael Avery,82,M,"60857 Torres Points, Timothytown, NY 61276"
228,Shannon Mitchell,71,M,"923 Billy Camp, Ramirezburgh, WI 51216"
229,Mr. Theodore Brady,58,F,"318 Ann Ferry Suite 132, Emilyland, MD 81212"
230,Peter Kline,31,F,"Unit 0961 Box 9890, DPO AP 61021"
231,Terry Fitzgerald,38,M,"15086 Rogers Island Suite 887, North Stephaniehaven, ID 22801"
232,Amanda White,47,M,"801 Adriana Pike Suite 396, West Robynton, AK 48228"
233,Jessica Hughes,26,F,"800 Alan Ford Apt. 292, Dianetown, NC 13980"
234,Alyssa Rodriguez,76,M,"5775 Joseph Freeway, East Danburgh, IA 30325"
235,Danielle Hinton,36,M,"0497 Mary Manors, Humphreyland, DC 05881"
236,Melissa Rollins,68,F,"6663 Orr Crossroad, New Marcusland, TN 30778"
237,Eric Jones,51,F,"913 Jaclyn Lodge Apt. 800, Nicoleborough, TX 59979"
238,Erik Smith,72,F,"PSC 6004, Box 9333, APO AP 02266"
239,Scott Wright,30,M,"5334 Kaufman Cove Suite 418, East Tony, MD 94845"
240,Andrew Finley,84,F,"103 Timothy Valley Suite 969, Vasquezhaven, NM 84428"
241,Kenneth Harris,63,M,"Unit 0463 Box 8415, DPO AA 03431"
242,Joshua Grimes,34,F,"89035 Tracy Harbor, North Andrealand, UT 09325"
243,Jennifer Steele,65,F,"539 Rogers Lock Suite 193, Lake Alyssafurt, HI 42041"
244,Alexander Sanchez,79,F,"76881 Stephen Coves Apt. 449, West Maria, TX 86436"
245,Christine Roberson,24,F,"36594 Carrie Points Apt. 764, West Kimberlyland, FM 39270"
246,Kimberly Duncan,68,M,"45909 Jones Skyway, Romerohaven, OR 41589"
247,Ashley Peterson,77,M,"2415 Alyssa Burg Suite 696, North Jillmouth, DE 88830"
248,Nicole Alvarado,27,M,"63752 Lauren Crescent Suite 514, North Faith, AZ 26870"
249,Savannah Simmons,39,M,"Unit 6198 Box 6116, DPO AP 65458"
250,Timothy Beard,26,F,"4474 Cook Pine Suite 393, Port Lauraville, VT 98133"
251,Thomas Perkins,39,M,"88249 David Flats, Lake Jennifer, UT 92618"
252,Kelli Benson,37,M,"901 Andrews Row Apt. 921, East Kristi, PA 51916"
253,Sharon Adams,38,F,"5515 Jones Bridge, Lake Joel, AZ 19144"
254,Michael Nguyen,34,M,"155 Shelly Light Apt. 708, Carlsonfurt, NE 31888"
255,Jill James,80,M,"867 Amanda Island Suite 402, South Shawnfort, NM 98881"
256,Tara Ford,63,M,"846 Jason Ways Apt. 456, South Katelyn, NE 10852"
257,Kayla Wood,56,F,"7684 Lopez Glen Apt. 091, Melendezshire, MO 74883"
258,Mr. Kevin Torres MD,84,F,"75299 Mike Port, North Erikachester, ME 26659"
259,Christopher Kemp,66,M,"50237 Best Tunnel Apt. 643, North Timothy, LA 58784"
260,Adam Harris,32,F,"61166 John Freeway, Nancyborough, NH 59668"
261,Paul Barrett,76,M,"70019 Lindsey Road, North Jessica, GA 45620"
262,Joshua Simon,57,F,"1965 Chaney Oval, Harrisonport, CT 17554"
263,Meredith Gray,49,F,"136 Timothy Springs, South Michealland, MD 53502"
264,Terrence Washington,50,F,"259 Vincent Point Suite 185, South Ethanfort, AR 88358"
265,Joshua Hicks,49,F,"Unit 7092 Box 1169, DPO AE 50703"
266,Jerry Fletcher,23,F,"371 Kiara Wells, Knappton, GA 90385"
267,Bernard Richards DDS,52,F,"57446 Bryant Squares, New Gregoryfurt, AS 73810"
268,Eugene Burns,54,F,"960 Heather Bridge, Benjaminmouth, AK 89133"
269,Anna Harmon PhD,61,F,"629 Cunningham Neck, Port Jonathanborough, AZ 25067"
270,William Bell,57,F,"4561 Bridget Points, Bridgesfurt, GA 06328"
271,Denise Watts,80,M,"615 Kenneth Way Apt. 011, Rickeyfurt, IA 84193"
272,Steve Whitehead,75,M,"055 Bryant Stravenue, West Kellyfort, MS 15997"
273,Susan Gomez,65,F,"0466 Smith Pike Apt. 990, Port Charles, WV 76080"
274,Sergio Torres,66,F,"969 David Hills Apt. 816, Summershaven, CT 75239"
275,Aimee Larson,42,F,"97231 Karen Parks Apt. 776, Dalestad, CA 20039"
276,Amanda Goodwin,68,F,"66796 Snyder Vista Apt. 770, New Jeremy, AZ 25563"
277,Tammy Davis,46,F,"31045 Marcus Neck Suite 825, East Markfort, KS 84935"
278,Amber Smith,20,M,"056 Hall Hills, Jimmychester, VT 22850"
279,Andrew Lopez,64,M,"941 Prince Extension Apt. 345, West Jeffery, ME 51799"
280,Stacy Carlson,20,M,"179 David Course Suite 630, North John, MI 78835"
281,Michael Smith,27,M,"86601 Thomas Road, West Edward, ND 38712"
282,Jennifer Johnson,60,M,"98834 Barr Shore, North Megan, ID 15389"
283,Jeffery Peterson,69,M,"6293 Dominguez Trafficway, Stephenmouth, MP 63053"
284,Linda Vang,53,M,"USNS Owen, FPO AA 94956"
285,Darren Daniel,26,F,"01320 Hancock Highway Suite 074, Deanbury, NV 49727"
286,Susan Sandoval,32,M,"79418 Charlene Street, Port Kevin, MA 33492"
287,John Ross,44,F,"1666 Hector Crossing Suite 739, Lake Douglas, PR 33225"
288,Jason Reyes,30,M,"899 Miller Road, New Suzanne, MD 44508"
289,Leon Taylor,21,M,"955 Kimberly Motorway Suite 562, New Jennaberg, MI 20849"
290,Jamie Buckley,68,F,"3515 Vasquez Corner, Robinsonville, SD 80509"
291,Carrie Valdez,52,F,"64060 Robert Course Apt. 014, Woodardbury, OR 27827"
292,Kristin Pitts,42,F,"193 Davis Brook, North Susan, MH 39287"
293,Johnny Wall,67,F,"501 Smith Gardens, Port Katherineton, SC 33093"
294,Michael Branch,32,M,"141 Bradshaw Rest Suite 966, Rebeccaton, NY 36673"
295,Jesse Chase,49,F,"0272 Holmes Vista, Russellfurt, VT 40935"
296,Christopher Fuller,29,F,"6598 Andrew Club Suite 744, Lewisland, PW 27312"
297,Karen Jones,74,F,"92267 Jefferson Springs Apt. 641, South Richardmouth, WY 06439"
298,Steve Mendoza,34,M,"7810 Eric Divide, Andersenstad, OK 45651"
299,Joshua Murray,80,M,"975 Hines Route Apt. 705, South Victoria, AS 48475"
300,Dr. Sandra Sims,27,F,"47287 Shelby Union Suite 563, North Maryborough, VA 43771"
301,Alan Johnson,21,M,"068 Candice Island Apt. 351, Port Jacob, LA 92511"
302,Anna Blanchard,62,F,"823 Levy Roads Suite 985, Port Jacob, MT 01755"
303,Amanda Thompson,61,M,"23726 Wilson Circle Apt. 382, Bakermouth, WI 45609"
304,Yolanda Vargas,59,M,"241 Munoz Prairie Apt. 340, Lindseyville, FL 43130"
305,Amanda Williams,33,F,"77145 Snow Manor Suite 100, North Paul, CA 50806"
306,Peter Kim,39,F,"100 Riley Wells Apt. 545, South Alexa, KY 23714"
307,Mary Caldwell,52,M,"2931 Kirk Corners Suite 459, New Taylor, TX 45412"
308,Kimberly Hopkins,52,F,"PSC 2599, Box 9300, APO AA 49249"
309,Kelly Robbins,70,F,"695 Sanchez Harbors Apt. 806, Vanessaborough, SC 29955"
310,Hannah Ortega,25,M,"0177 Luna Pike Apt. 233, Port Colleenton, MP 21086"
311,April Calderon,63,M,"2643 Mclaughlin Union, Allenton, TX 96522"
312,Amy Baker,29,F,"2973 Brandon Circles, Megantown, FM 78324"
313,Ashley Navarro,63,F,"102 Sabrina Land, Robertville, PA 62715"
314,Ashley Garcia,52,F,"808 Sara Ramp, East Courtneyside, NH 10557"
315,Tabitha Myers,50,M,"94183 Jose Parkway Apt. 866, New Sydney, OH 12073"
316,Brooke Johnson,37,M,"43163 Michael Corner, Woodhaven, IN 05114"
317,Kristin Carpenter,43,F,"USNV Welch, FPO AE 58265"
318,Jerry Douglas,61,M,"185 Nicole Isle Apt. 921, South Allenshire, KS 07406"
319,Anthony Hill,49,M,"986 Jeffrey Neck Apt. 142, North Dylanberg, RI 58967"
320,John Bright Jr.,64,F,"USNV Williams, FPO AP 15137"
321,Tamara Pitts,42,F,"972 Wiley Club Suite 119, Camposton, MN 50419"
322,Bonnie Caldwell,51,F,"271 Ferrell Heights Apt. 247, Teresaport, TX 81670"
323,Jonathan Blair,70,F,"2206 Mcdonald Avenue Suite 068, South Harryland, AS 04842"
324,Meagan Munoz,29,F,"116 Hernandez Turnpike, Angelatown, VI 62624"
325,John Arnold,33,M,"02214 Lewis Mount, Port Jasontown, GU 54335"
326,Craig Wilson,51,M,"19512 Andrew Trafficway Apt. 380, Reneeville, KS 66673"
327,Peggy Campbell,57,F,"866 Karen Green, West Ronaldview, NY 12115"
328,Daniel Brown,60,F,"721 Nunez Shoals Apt. 213, Maryview, WA 68445"
329,Daisy Hendricks,64,F,"USS Goodman, FPO AP 94273"
330,Mark Thompson,36,F,"Unit 5083 Box 5451, DPO AP 44593"
331,Jose Ross,19,M,"07390 Burns Locks, Caldwellfort, OH 74500"
332,Michael Thompson,41,F,"8724 Sandra Islands, West Robertview, OR 33765"
333,Jessica Cruz,77,F,"396 Brian Landing Suite 150, Port Edward, MT 17579"
334,Michael Harris,33,F,"9662 Mallory Drives Suite 655, Clarkmouth, OK 29021"
335,Dr. Amanda Ramirez,39,F,"90747 Johnson Union, Garciaborough, OH 24059"
336,Monique Little,75,M,"8847 Kristin Rapids, New Danielville, NH 78585"
337,Dennis Wise,56,M,"97109 Kevin Underpass, Luisborough, WA 60960"
338,Robert Barrett,24,F,"2607 Crawford Springs, Mccartyberg, FM 80991"
339,Lisa Solis,55,F,"Unit 0264 Box 1155, DPO AE 22860"
340,Joseph Lewis,83,M,"138 Courtney Meadow Apt. 567, Ortizstad, FM 33322"
341,Kyle Davis,22,M,"3301 Brennan Island Apt. 708, Lake Katherine, ID 09173"
342,Richard Barajas,23,F,"377 Stanley Shoals, New Justin, KS 67666"
343,David Reyes,54,M,"PSC 8871, Box 7332, APO AP 63549"
344,Ariel Henson,61,M,"09243 Jennifer Route Apt. 096, North Heatherbury, HI 76340"
345,Brian Brown,73,M,"21678 Henry Neck, Ashleyview, NY 15685"
346,Stacie Wright,21,F,"551 Graves Locks, Hermanbury, VT 93294"
347,Vanessa Fox,77,M,"1793 Cunningham Extension, Lorettatown, MO 44993"
348,Franklin Strickland,81,M,"228 Rogers Underpass, Williamsstad, KS 54196"
349,Alexander Gonzalez,70,F,"250 Thompson Green Suite 806, Ruizmouth, IN 33725"
350,Derrick Jimenez,37,M,"7011 Anthony Land Suite 490, West Timothyhaven, GU 64217"
351,Nicholas Coffey,33,F,"68491 Alyssa Neck, Debbieview, LA 50267"
352,Andrew Perez,35,M,"846 Jose Square Suite 796, Camerontown, GA 24166"
353,Jonathan Clark,28,F,"008 Mccullough Well Apt. 821, Greenborough, MA 08130"
354,Matthew Allen,55,M,"4615 Michael Course Apt. 444, Bakerton, MP 07597"
355,Wayne Williams,25,F,"93842 Smith Manor Suite 389, North Kellymouth, VI 30947"
356,Jennifer Klein,57,F,"USNS Anderson, FPO AA 31572"
357,Cynthia Rhodes DVM,39,M,"519 Gray Manor, Heatherville, LA 12207"
358,Gary Jones DDS,63,M,"63168 Rice Garden, Lake Scott, CT 52460"
359,Richard Harris,84,M,"064 Amy Fall Suite 034, Melissafort, OH 07244"
360,Emily Andrews,52,F,"USCGC Henry, FPO AE 33290"
361,Leslie Garcia,82,M,"447 Pruitt Squares Suite 285, East James, OH 33845"
362,Michael Lewis,56,M,"120 Matthew Extensions, Lake Victoriahaven, VT 13891"
363,Karen Jones,65,F,"25481 Shane Locks, East Steventon, OK 20844"
364,Daniel Gallagher,71,M,"6973 John Road Apt. 163, Shellymouth, MT 07837"
365,Gabriela Martinez,43,F,"878 Smith Gardens, West Taylorport, OK 20995"
366,Angela Henderson,37,M,"1520 Horne Ville Apt. 772, Sanchezshire, VI 90954"
367,Lisa Smith,25,F,"Unit 7957 Box 9575, DPO AE 23591"
368,Shelia Mueller,68,M,"51965 Nicholas Turnpike, Port Kevin, WV 71791"
369,Paul White,52,M,"39284 Gary Camp, Lake John, SC 95951"
370,Elijah Williams,83,M,"170 Taylor Ridge, Marcusview, HI 55110"
371,Sarah Dougherty,22,F,"PSC 6308, Box 9351, APO AP 67710"
372,Marcus Morgan,38,M,"2604 Martin Greens, Jessicaville, ME 94549"
373,Amy Kennedy,20,F,"04811 Timothy Brook Suite 895, Danielberg, NM 78017"
374,Lauren Stein,64,F,"3878 Berry Loaf Apt. 112, New Michellebury, TX 93172"
375,Emily Lee,37,M,"USNS Lee, FPO AP 72784"
376,Anthony Brown,38,F,"3305 Daryl Neck Suite 929, Williamport, WI 68672"
377,Shelby Tate,82,M,"2551 Thomas Field, Paulport, IN 62200"
378,Shawn Jackson,48,F,"1789 Colleen Street, North Jared, NE 37021"
379,Heather Faulkner,38,M,"778 Audrey Ports, Kimberlyton, ME 61618"
380,April Lane,27,M,"772 Alexis Branch, Rachelberg, WI 47476"
381,Carl Bates,67,F,"649 Ingram Vista, Phillipsmouth, WY 75985"
382,Charles Mcconnell,27,F,"7342 Fletcher Via, East Bryanchester, GU 15838"
383,Randy Dyer,37,M,"PSC 7150, Box 3742, APO AA 51512"
384,Kenneth Lee,49,F,"904 Curtis Mountain Apt. 799, East Alicia, WY 90264"
385,Katie Gray,70,M,"7092 Tammy Track Apt. 805, Port Jennifer, GU 18331"
386,Terry Sherman,76,M,"556 James Stravenue Suite 183, South Kyle, CT 31178"
387,James Sanders,67,M,"379 Chapman Junctions, New Danielle, NV 07267"
388,Nicole Ingram,37,F,"84708 Philip Spurs Apt. 003, Lake Davidbury, NJ 37694"
389,Marissa Maldonado,27,M,"42756 Robert Lake Suite 238, Floresbury, ME 51207"
390,Charles Nelson,40,M,"Unit 4363 Box 8379, DPO AP 17133"
391,Jaime Anderson,70,F,"9751 Anne Road, Davismouth, TX 25921"
392,William Simmons,49,F,"USS Cain, FPO AP 65870"
393,April Mcgee,49,F,"9110 Jeff Club, South Stephaniemouth, MT 54784"
394,Jessica Wagner MD,47,M,"4775 Shelton Trafficway, Lake Vicki, MH 42358"
395,Mary Wright,48,M,"2099 Tyler Park, Port Elizabethmouth, OR 29306"
396,William Edwards,72,M,"170 Tran Burgs Suite 272, Johnmouth, IN 11108"
397,Joshua Martinez,61,M,"091 Cervantes Unions, West Stephen, IN 33183"
398,Keith Stokes,19,F,"89157 Evan Highway Apt. 524, Lake Patriciafort, VA 12563"
399,John Sanchez,27,M,"2377 Wright Inlet Suite 454, North Alicia, MT 75930"
400,Joseph Chen,35,M,"53094 Burnett Fords Apt. 153, Herringfort, TN 47962"
401,Tiffany Ellis,33,M,"644 Ramirez Via Apt. 894, Valenzuelabury, TN 61101"
402,Stephanie Doyle,40,M,"816 Wood Expressway Suite 827, Aguilarstad, AL 98487"
403,Jennifer Gonzalez,58,M,"USS Hodges, FPO AA 13627"
404,Jonathan Hall,85,M,"0956 Anderson Squares, Port Nicoleberg, VI 09824"
405,Lucas Massey,21,F,"516 Rodriguez Mills Suite 741, Port Jacobside, AZ 81497"
406,Katrina Sanders,58,F,"45274 Clark Glen Suite 669, North Jennifertown, UT 12416"
407,Adrian Robinson,63,M,"027 Carlson Spur, East Carla, AR 89075"
408,Alexander Martinez,33,M,"57561 Roach Drive Suite 544, East Lindsayview, SD 76579"
409,Alexandra Blake,21,M,"85685 Evans Centers Suite 576, New Tracyport, RI 05821"
410,David Gutierrez,22,F,"9240 Berry Plain Suite 018, Lewisbury, MT 40427"
411,Jennifer Howard,46,M,"03567 Chung Field Apt. 859, West Erinstad, KY 28626"
412,Mark Wright,67,M,"68897 Catherine Drives, South Lisa, IL 45867"
413,Gregory Dennis,54,F,"423 John Vista, Bruceport, OR 91739"
414,Joel Smith,62,F,"88709 Riley Square, Deborahchester, CO 79097"
415,Carol Brown,65,M,"1331 Beverly Crescent Apt. 258, West Madison, ND 66813"
416,Steve Hoffman,60,M,"1491 Sarah Inlet Apt. 486, South Jeffrey, NJ 79329"
417,Kristina Melton,36,F,"Unit 9759 Box 1041, DPO AE 70154"
418,Kenneth Carter,57,M,"9482 Robert Crossing, Williamburgh, AL 65764"
419,Zachary Bryant,51,F,"907 Cynthia Knolls Apt. 998, Jamestown, ID 78723"
420,Samantha West,35,F,"750 Smith Cliff Suite 500, Millerbury, MA 27084"
421,Valerie Edwards,31,M,"6178 Moore Junction Apt. 284, Richardview, IL 58510"
422,Suzanne Lang,81,F,"6084 Richard Circles, East Tyler, ME 32479"
423,Brian Rogers,27,M,"514 Evans Glens Apt. 473, West Teresa, MN 96088"
424,Stephanie Martin,40,F,"859 Dudley Port, East Valeriefort, WA 98503"
425,Ricky Cross,58,M,"859 Garcia Skyway, Ravenport, ME 44266"
426,Hailey Torres,19,F,"472 Phillips Brook, South Danielle, AK 38149"
427,Victoria Watkins,61,M,"1993 Clarke Terrace, South Elizabeth, MD 72442"
428,Lee Hoffman,25,M,"1966 Baldwin Oval, Michaelborough, MN 25916"
429,Andrew Garcia,62,F,"18766 Jeffrey Vista, Adkinsshire, ND 92227"
430,Lori Horton,72,M,"1923 Wells Manors, North Michellestad, NY 09009"
431,Amanda Carter,57,M,"343 Colon Brook, Richardsonton, NE 07648"
432,Stephanie Frank,38,M,"6514 Harvey Isle Apt. 001, South Tinaville, DE 81847"
433,Lauren Taylor,34,M,"73285 Dawn Lock, Joshuaside, KY 66674"
434,Monica Harrison,32,M,"78303 Tony Pines, East Brandi, IA 31797"
435,Mrs. Amber James,33,F,"5983 Richards Cliffs, New Janiceburgh, NE 22762"
436,Thomas Arnold,68,F,"838 Samuel Shore Apt. 670, Rebeccaberg, AZ 08836"
437,Jeffrey Mahoney Jr.,31,M,"13729 Glenn Freeway Apt. 430, North Robertstad, SC 79342"
438,Laura Wilson,52,F,"3127 Hughes Greens Apt. 529, Alexanderburgh, OH 32857"
439,Kevin Hill,54,F,"86301 Clark Village Apt. 995, Port Coreyfurt, VA 16571"
440,Steven Johnson,30,M,"3981 Harper Points Apt. 130, Gibsonport, CA 29710"
441,Michael Bryant,40,F,"74057 Morales Villages, West James, PW 18814"
442,Jared Allen,46,F,"7411 Sarah Village, Jacksonmouth, NV 91510"
443,John Hopkins,39,F,"567 Jeremy Turnpike Suite 738, Lake Jordan, PW 05666"
444,Jamie Brock,23,M,"33724 Hayden Trafficway Apt. 441, West Maryview, OH 36905"
445,Timothy Thompson,38,M,"4672 Murray Ranch Suite 986, Hancockview, MS 81916"
446,Kevin Paul,48,F,"USNV Fowler, FPO AP 17179"
447,Michael Johnson,53,M,"94691 Shawn Vista Suite 467, Martinberg, GA 92711"
448,Molly Santana,59,F,"5037 Justin Islands Apt. 492, South Beckyfurt, ND 59457"
449,Emily Mack,41,M,"15927 Maria Mountains Apt. 286, Reedbury, MH 14475"
450,Andrew Fisher,63,F,"365 Thompson Plain, Maynardshire, TX 01294"
451,Daniel Jones,53,F,"604 Ana Wall, Port Robertberg, AK 96749"
452,Vicki Vasquez,48,M,"22411 Mills Roads, Lake Jerry, VI 46274"
453,James Rivera,40,F,"643 Boyer Course, East Juliachester, WY 90982"
454,Jason Reese,84,M,"PSC 2672, Box 2215, APO AA 52402"
455,Pamela Frazier,46,F,"4058 Sherry Fords, Marymouth, CO 17883"
456,Heather Mckay,80,M,"076 Jordan Station Apt. 052, Adrianastad, AK 65920"
457,Brett Lopez,73,F,"807 Connie Valleys Suite 897, Mirandafurt, NM 77778"
458,John Hart,21,F,"938 William Radial, Jacksonview, IN 30439"
459,April Powell,18,F,"484 Kelly Crescent Suite 410, West Arielview, PR 41521"
460,Barbara Gonzalez,24,F,"4844 John Forge, Millerberg, WA 41837"
461,Jason Reyes,50,F,"9644 Tiffany Wall, Millerbury, OR 61419"
462,Justin Gray,66,F,"92440 Mcmillan Landing Apt. 455, Palmerton, ID 59472"
463,Andrew Ramirez,71,M,"8372 Wright Crescent, Kimville, IN 03966"
464,Shirley Fernandez,64,M,"652 Jose Cove, Ashleyport, AS 18495"
465,Brandon Cruz,19,M,"USNV Willis, FPO AA 99785"
466,Adrian Shepherd,38,M,"166 Michelle Inlet, Johnmouth, IL 05213"
467,Laura Brown,31,F,"95048 Decker Light Apt. 166, New Brendachester, MT 67763"
468,Kathy Knapp,29,M,"4471 Lauren Fort, Lake Virginia, NC 04882"
469,Misty Burgess,45,F,"82391 Fox Isle Suite 388, Jacobstad, OR 10993"
470,Megan Ramirez,35,M,"04345 Sharon Shoals Apt. 468, East Robert, DE 00657"
471,Veronica James,43,M,"10303 Douglas Lake Suite 585, Port Blake, ND 83203"
472,Tony Camacho,24,F,"6880 Danielle Squares Suite 553, Wrightland, WV 60656"
473,Wendy Martinez,38,M,"4310 Hardin Rue Suite 742, Port Dawnland, NH 86704"
474,Holly Norton,36,F,"2088 Guerra Vista, Summersberg, AR 53223"
475,Scott Mcdonald,23,F,"42938 Charles Lakes, West Michelleburgh, HI 42560"
476,Richard Brown,26,M,"93421 Miller Cliffs Apt. 799, Mackville, NC 70357"
477,Karla Barnes,71,M,"678 Rodriguez Wall, Merrittburgh, ID 44820"
478,Richard Hopkins,41,F,"6184 Graham Well Suite 523, Nicoleside, LA 55138"
479,Carrie Cain,50,F,"25857 Daniel Burgs Suite 710, Robertfort, HI 37837"
480,Sandra Padilla,47,F,"43522 Lori Ridge, West Andrea, KY 04286"
481,Mikayla Jackson,40,F,"7169 Alison Fords, South Randy, NC 59704"
482,Angel Clark,55,F,"556 Monica Inlet, North Marciashire, NH 11088"
483,Madeline Black,66,M,"53978 Tracy Alley, Port Markland, NC 28740"
484,Donna Gonzalez,57,F,"8110 White Cliff, Erinmouth, ID 75235"
485,Jacqueline Olson,54,F,"7595 Garner Vista, Sandybury, MT 22751"
486,Carlos Smith,81,F,"77115 Melanie Ridges, East Brookeville, LA 33073"
487,Joshua Robertson,61,M,"8907 Marcus Bridge, Alexisland, NV 93690"
488,Melinda Anderson,73,F,"696 Chapman Parkway, Garzamouth, TN 13516"
489,Christopher Davis,76,M,"6394 Rogers Falls Apt. 239, South Crystal, MP 08755"
490,Dylan Lynn,29,M,"93303 Andrew Junctions Apt. 329, New Margaret, ID 97390"
491,Brianna Simmons,65,F,"3561 Kendra Gateway, Kingside, MA 09873"
492,Mr. Kenneth Cordova,47,M,"3806 Kimberly Island Apt. 038, Ricetown, GA 80490"
493,Sarah Campbell,22,F,"PSC 2066, Box 3560, APO AP 74141"
494,Mrs. Sheri Cherry,58,F,"1325 Williams Well, West Benjaminfort, ID 25727"
495,Jennifer Zuniga,36,M,"Unit 3029 Box 9614, DPO AP 01881"
496,Derek Lang,46,F,"4503 Fisher Rapids, East David, IN 41312"
497,William Wilson,65,M,"53104 Flynn Flats, Conniehaven, OK 94589"
498,Christopher Davis,37,F,"47529 Amanda Row, Paulbury, MP 07327"
499,Roger Flores,75,F,"51772 Sutton Neck, West Arthurburgh, MD 50109"
500,Tammy Baker,26,M,"USCGC Delgado, FPO AA 74802"
501,Anthony Liu,66,M,"8553 Austin Route Apt. 460, Michaeltown, RI 61095"
502,Kathleen Munoz,36,F,"5702 Marcus Landing Apt. 546, Annastad, ND 02629"
503,Benjamin Gilbert,66,M,"PSC 0987, Box 8554, APO AE 29404"
504,Dr. Leah Padilla,83,F,"53937 Sarah Burgs, West Kenneth, CT 99491"
505,Billy Lee,48,M,"82720 Amber Valleys Apt. 985, Boltonborough, MA 87977"
506,Marc Church,81,M,"804 Townsend Ridges, Thomasview, GU 90531"
507,Kevin Floyd,37,F,"03133 Williams Forge Suite 308, North Kimberly, NJ 21667"
508,Angela Hall,45,M,"Unit 5838 Box 4839, DPO AA 27715"
509,Oscar Lee,22,M,"USS Griffith, FPO AA 75202"
510,Anthony Robinson,52,M,"38603 Patel Underpass, Kimberg, KS 79998"
511,Katrina Chapman,33,M,"5093 Elaine Haven Suite 561, Fergusonport, OR 03122"
512,Laura Aguilar,60,M,"9687 Perez Estates Suite 742, Codyside, AZ 65611"
513,James Barnes,38,M,"901 Daniel Mills, Johnton, MH 58434"
514,Wayne Riley,66,M,"PSC 8416, Box 7770, APO AP 87641"
515,Laura Adams,33,F,"2579 Ann Junctions Apt. 169, Lake Stephanieside, GU 60329"
516,Andrew Jones,77,M,"66015 Bates Streets, Palmerview, MP 10691"
517,Monique Cruz,65,F,"91488 Ramos Fall Apt. 118, South Lisatown, DE 77791"
518,Brian Wood,37,F,"61022 Sherry Port Suite 323, West Amanda, VI 04661"
519,George Reilly,25,F,"647 Christina Mission, Molinahaven, NJ 81900"
520,Mary Rosales,61,M,"05623 Caroline Squares, Hayleyside, FL 38345"
521,Eric Ward,73,M,"8308 Emily Pike Suite 913, West Johnborough, OH 59496"
522,Amanda Mclaughlin,25,M,"255 Regina Lock Suite 330, Jamesview, MO 71429"
523,Heather Reed,55,F,"05955 Duncan Circles Suite 967, Evanbury, WV 47915"
524,Gloria Cortez,23,F,"074 Timothy Ridge, West Nancy, VT 91528"
525,Vicki Martinez,68,F,"261 Zavala Run Suite 193, North Harrychester, PW 23998"
526,Heather Perez,79,M,"29351 Thompson Plaza, Robertton, MI 44047"
527,Brett Sanchez,68,M,"92722 Richard Roads Suite 371, Roberttown, MO 49355"
528,Randy Bryant,80,F,"Unit 2898 Box 5770, DPO AE 44237"
529,Jessica Davis,59,M,"3732 James Ferry Apt. 087, West Calebfort, MI 97552"
530,Selena Hayden,26,M,"7431 Jill Pines, Port Aaronberg, VA 62718"
531,William Spencer,84,M,"7657 Robert Lock Apt. 678, North Katie, OK 85448"
532,Rebecca Gomez,49,F,"539 Bryan Stream, Stephenburgh, SC 96584"
533,Michelle Johnson,35,F,"0810 Christina Crescent Suite 179, Jamesmouth, AK 05060"
534,Joel Horton,43,F,"379 Simmons Views Apt. 896, New Edward, NM 18527"
535,Erin West,66,F,"251 Figueroa Groves Suite 255, Khanberg, DE 43395"
536,Bryan Duncan,80,F,"568 Davis Fall, Lukefort, GA 83954"
537,Dana Blair,29,F,"7798 Katie Knoll, Hudsonmouth, WA 06796"
538,Joshua Shields,44,M,"8956 Jessica Lock Apt. 373, New Karen, MN 37746"
539,Leonard Williams,45,M,"213 Nelson Square, North Gregory, LA 43706"
540,Sara Paul,81,F,"53631 Hodges Roads Suite 441, Port Justin, PA 02738"
541,Matthew White,28,M,"48179 Teresa Drive Apt. 012, Michaelmouth, AZ 29740"
542,Anthony Barnes,55,F,"6054 King Rapids, East Robert, SC 87052"
543,Lori Williams,48,M,"194 Velasquez Shore, North Bradley, TX 83676"
544,Miranda Coleman,85,M,"01601 Cochran Spring, West Ricky, PA 05760"
545,Jamie Stevens,68,F,"524 Perkins Estates Apt. 265, Jamesshire, NY 69394"
546,Ashley Miranda,69,M,"785 Arnold Mill, Lake Mackenzie, PR 63872"
547,Marissa Dean,30,F,"Unit 4916 Box 5612, DPO AA 84743"
548,Donna Burton,22,F,"2457 Landry Groves, East Christopherhaven, UT 12316"
549,Travis Wolfe,50,M,"080 Matthew Wells Apt. 089, New Thomasfort, MI 87601"
550,Stephanie Smith,27,M,"17744 Jonathan Mall, East Patrickmouth, MO 56260"
551,Brandon Martinez,57,M,"49406 Moreno Haven, West Amandaborough, CO 40776"
552,April Jackson,33,F,"309 Kyle Meadows Suite 964, East Tamaraborough, PA 71123"
553,Christine Rodgers,27,M,"263 Kimberly Course, Karenmouth, CA 51892"
554,Julia Smith,53,M,"9984 Phillip Land Apt. 234, Mannshire, AL 73097"
555,Rodney Sanchez,78,M,"567 Michael Falls Suite 699, Gutierrezberg, LA 25447"
556,Ashley Williams,84,F,"160 Garrett Lakes, Robertside, WA 21532"
557,Michael Butler,82,M,"4025 Parker Mall, Chelseaburgh, NH 49303"
558,Jared Roberts,77,M,"024 Montoya Wall, Moorechester, NC 96365"
559,Justin Walker,69,M,"9071 Jason Freeway, Roberttown, GU 04867"
560,Jennifer Pitts,35,F,"PSC 9136, Box 0588, APO AA 85013"
561,Daniel Long,65,M,"USNV Meadows, FPO AP 21441"
562,Mrs. Alexis Knox,59,M,"8496 Victor Passage Suite 289, Leeberg, VA 63716"
563,Kimberly Edwards,27,M,"848 Sanchez Land, New Williamport, IA 24991"
564,Jennifer Barr,43,M,"6099 Alexis Centers, Cindyville, MN 61716"
565,Joshua Randall,53,M,"454 Allison Row, Nicholechester, VI 27211"
566,Jon Zavala,82,F,"70997 Tara Via Apt. 105, Codychester, RI 47569"
567,Jeffrey Jones,67,F,"0567 Cynthia Underpass Suite 715, North Michael, IN 94225"
568,Brittany Sanchez,53,F,"293 Martin Port Apt. 722, West Robertport, TX 96931"
569,Douglas Snyder,59,M,"27583 Joyce Tunnel Suite 701, Leeport, OK 41182"
570,Rachel Miranda,55,M,"6484 Bender Islands Suite 270, West Ashley, VI 24612"
571,Kayla Davidson,78,F,"359 Graham Rest Suite 120, Swansonland, IA 68864"
572,Theresa Jones,43,M,"482 Scott Plaza, Markburgh, MA 56741"
573,Brittany Romero,20,F,"USNS Reyes, FPO AE 13266"
574,Joseph Bryant,33,F,"5824 Hill Roads Apt. 994, Jennifermouth, OK 85728"
575,Kevin Cox,54,M,"059 Esparza Burg, Josephport, KS 04450"
576,Margaret Thomas,27,M,"28830 Jesse Groves, Martinezchester, AK 97325"
577,Alison Roberson,66,F,"609 Perry Junction, Heathermouth, RI 88141"
578,William Fox,76,M,"27644 Dale Cape, South Kathrynview, AZ 82484"
579,Kevin Roberts,81,M,"62287 Smith Neck Suite 999, South Juliashire, IA 30644"
580,Peter Moore,66,F,"851 Matthew Centers Suite 257, New Amymouth, CT 36172"
581,Matthew Gates,44,M,"82179 Tiffany Parkway, Bradleyville, DE 85820"
582,Troy Cole,37,F,"52604 Stevens Knolls Suite 603, West Tammy, IL 60962"
583,Frank Brandt,22,M,"707 Raymond Bypass, Tiffanyfurt, MI 82153"
584,Cindy Taylor,60,M,"913 Alexander Meadow Suite 162, East Mathewton, MH 61468"
585,Gary Barnes,37,M,"27589 Jennifer Light Apt. 923, Lovefurt, NY 36927"
586,David Cannon,83,F,"352 Dunn Courts Suite 830, Adamsfort, MD 52724"
587,Stephen Swanson,57,F,"4035 Heather Ferry Suite 248, Caseyborough, DE 29288"
588,Susan Nelson,38,M,"284 James Freeway Suite 206, Lake Daniel, IN 08910"
589,Mary Combs,52,F,"90088 Pugh Harbor, Martinezfort, IL 12099"
590,Justin Mcmahon,69,F,"73029 White Avenue, North Ronald, UT 00662"
591,Lisa Peters,18,F,"087 Jeffrey Meadow Suite 679, North Jessicaview, AK 39237"
592,Austin Chapman,30,F,"711 Barbara Cove Apt. 910, North Jonathanfort, ID 93581"
593,Robert Pollard,19,M,"027 William Meadow Suite 156, New Joelchester, MD 98989"
594,Nicholas Holmes,65,M,"4688 Maria Well, West Tanyamouth, AS 14209"
595,Richard Harrison,48,F,"884 Lindsey View, East Hannahport, NY 78005"
596,Eric Hughes,50,F,"92631 Gordon Avenue, Heatherhaven, DC 98178"
597,Jacob Dean,37,M,"948 Elizabeth Plains, Heatherborough, AL 29357"
598,Lori Brown,54,M,"25220 Morrison Harbor, Robertfort, CO 91468"
599,Christopher Rosales,67,F,"Unit 3668 Box 3183, DPO AP 78745"
600,Roy Baker,77,F,"8428 Mckinney Fords Apt. 112, East Michael, MA 20874"
601,Steven Jennings,19,M,"125 Frost View Apt. 515, Gonzalezstad, NE 60564"
602,Kayla Davidson,58,F,"59386 Julie Shoals Suite 513, Joshuafurt, MH 72496"
603,Jenna Lewis,28,F,"5844 Mack Coves, Mcdanielside, WV 91660"
604,Aaron Payne,20,F,"6000 Townsend Expressway, Sanchezville, DC 88140"
605,Jeffrey Wilson,81,M,"PSC 7818, Box 6397, APO AP 01036"
606,Michelle Fuentes,62,F,"0465 Haynes Estates Suite 312, West Jeffreyshire, OH 31203"
607,Helen Montoya,31,F,"1027 Vincent Lodge, Alvarezburgh, MT 80965"
608,Antonio Lopez,21,F,"60711 Brian Plains Suite 535, East Jonathan, IA 13574"
609,Kevin Ryan,27,M,"54172 Webster Streets, Robinsonport, KY 20867"
610,Ashley Fuentes,32,M,"84219 Tracy Stream Suite 484, Lake Davidtown, GU 93213"
611,Ashley Martin,29,M,"9215 Susan Way Apt. 579, Lake Crystal, TX 64340"
612,James Johnson,76,M,"PSC 8858, Box 8298, APO AP 27336"
613,Mark Bell,44,M,"7702 Michelle Hill Apt. 375, Sarahchester, CA 79956"
614,Rachel Wagner,65,F,"5872 Boyd Pine Suite 824, Michelleville, IA 22994"
615,Elizabeth Clark,60,M,"046 Daniel Lodge Apt. 106, Patrickmouth, IL 45429"
616,Michelle Roth,43,M,"217 Reed Manors Apt. 811, North Michelle, OR 05234"
617,Janet Sanchez,26,M,"07392 Joshua Bypass, Paulville, MT 42566"
618,Melissa Wiggins,49,M,"993 Abigail Springs Apt. 889, Smithstad, OR 27781"
619,Jason Allen,64,F,"4583 Richardson Village Apt. 577, Port Jared, VI 96612"
620,Danielle Bennett,50,F,"0569 Jessica Freeway Suite 398, East Arthur, MD 17655"
621,Anna Arellano,38,M,"52898 Susan Pines, East Joseph, TN 00709"
622,John Burgess,34,M,"1987 Cesar Hill Apt. 787, Masseyland, MA 08250"
623,Jonathan Zuniga,60,M,"42701 Fox Neck, Lake Denise, MO 53651"
624,Alexandra King,77,F,"7322 Amanda Isle, Edgarton, CT 07521"
625,Jonathan Long,49,M,"67306 Jacob Port Apt. 232, Port Katherine, MA 60163"
626,Stephanie Hughes,31,M,"15472 Brenda Harbor Suite 713, Figueroahaven, VA 00613"
627,William Mullins,80,M,"02771 Beck Spur, Cordovabury, GA 75775"
628,Hannah Perry,36,F,"776 Pamela Unions Apt. 829, Port Davidborough, NV 49117"
629,Mackenzie Dixon,83,M,"79980 Mark Greens, North Shawn, IL 01339"
630,Maurice Romero,29,F,"41463 Bryant Run, Gibsonmouth, MD 11838"
631,Amy Watson,72,M,"5194 Marquez Spurs, Port David, HI 44356"
632,Katherine Marshall,48,F,"23943 Cooper Fork Apt. 818, West Blake, WV 72028"
633,Connie Smith,43,F,"016 Rachel Mountain Apt. 994, Seanshire, NM 40184"
634,Brianna Nguyen,38,F,"3149 Mercado Terrace Suite 204, Bethanyburgh, DC 11462"
635,Madison Gomez,83,M,"07401 Renee Burgs, Lake David, CA 74670"
636,Justin Fritz,33,M,"470 Houston Inlet, Carrollview, HI 56224"
637,Chloe Johns,22,F,"821 Bonilla Meadows, New Patricia, FL 28395"
638,Dustin Barron,82,M,"49560 Martin Course Apt. 373, New David, CT 79646"
639,Courtney Stafford,78,M,"6009 Joshua Squares Apt. 134, Rachelside, FL 46377"
640,Brenda Hawkins,28,F,"049 Moss Spring Suite 015, East Rebekah, AK 26774"
641,Sarah Williams,45,F,"75578 Christopher Grove Suite 917, Hamiltonville, AZ 24593"
642,Ryan Whitehead,25,F,"08552 Leach Square, Moniquemouth, WV 00507"
643,John Ballard,56,M,"291 John Stream, Jamesberg, CA 76587"
644,Olivia Miller,77,F,"385 Kimberly Mill Suite 638, South Dana, GU 44527"
645,Eugene Mosley,48,M,"318 Patrick Lock, South Kevinfurt, PA 56433"
646,Samuel Pierce,69,M,"415 Lee Fall, Laurastad, NH 28479"
647,Glenn Morgan,48,F,"5628 Leonard Ramp, North Erica, ID 65449"
648,William Garcia,54,M,"USCGC Walker, FPO AA 61068"
649,Lauren Taylor,71,M,"3056 Lisa Greens, East Dianamouth, AK 61923"
650,Daniel Lee,65,F,"Unit 4121 Box 6870, DPO AE 57149"
651,Justin Krause,68,M,"06129 Watkins Divide Apt. 000, Port Kimberly, NJ 98337"
652,Yvonne Ellis,83,F,"12486 Brian Center Apt. 162, South Danielle, PR 83909"
653,Todd Nash,37,M,"7461 Roy Hill, Wagnerborough, MO 14614"
654,Kimberly Howard,38,M,"71390 Walter Heights, West Jonchester, VT 90164"
655,Kyle Hunt,81,M,"9233 Dawn Garden, North Anthony, FL 80425"
656,James Singh,49,M,"57579 Michele Estates, North Ianburgh, PR 54803"
657,Mr. Brian Perez,43,M,"USNV Rios, FPO AE 45122"
658,Sydney Johnson,30,M,"76913 Swanson Springs, Port Donaldhaven, MI 08803"
659,Jennifer Hall,27,M,"595 Michele Forest Suite 220, Jamesside, MN 62758"
660,Phillip Allen,24,M,"8397 Jared Cape Suite 685, Andersonland, VT 06586"
661,Daniel Anderson,33,M,"679 Rodriguez Dale, Andrewborough, MD 59383"
662,Tracy Baker,28,M,"22818 Mcmillan Viaduct, Port Stephanietown, MI 20603"
663,Jerry Conway,22,F,"Unit 5141 Box 4634, DPO AP 90134"
664,Emily Olson,20,F,"PSC 2391, Box 9468, APO AA 99917"
665,Karen Taylor,74,M,"586 Crane Valley Apt. 726, Taylorstad, NV 24755"
666,Joseph Martin,21,F,"1370 Ellis Center, Jeffreyville, SC 82855"
667,David Garrett,85,M,"9075 Lopez Lodge Apt. 950, Jeffreyville, PR 20951"
668,Kimberly Cooley,69,F,"3510 Collins Locks, South Anthonyburgh, AL 99882"
669,Henry Hansen,32,F,"36366 Hancock Common, New Jonathanmouth, AS 45292"
670,Savannah Cummings,44,F,"64833 Mendez Forks, Alexandriafort, WI 05060"
671,Mr. Steven Jones MD,82,M,"13447 Mann Isle Apt. 146, Lake Jamieberg, OR 75384"
672,Robert Stone,60,M,"1248 Patrick Parkways, Kellerfort, HI 87926"
673,Dr. Whitney Martin,59,F,"53975 Rodriguez Route Apt. 921, North Ashley, IA 78999"
674,Janice Miller,37,M,"3253 Henry Island Suite 019, North Debbieberg, SD 46487"
675,Jocelyn Myers,78,M,"229 Trujillo Meadows, North Timothyville, WV 96311"
676,Sabrina Craig,23,M,"6553 Theodore Underpass, Port Sarahton, WI 71536"
677,Carla Bradshaw,53,F,"1045 Richardson Shores, Beverlymouth, WA 30376"
678,Karen Miller,35,M,"0501 Gregory Drive Suite 840, Kaitlyntown, MD 03223"
679,Dennis Cook,48,M,"018 Frank Springs, South Tanya, LA 85033"
680,Kathryn Miller,40,F,"2132 Houston Motorway Apt. 111, Port Michele, OK 02714"
681,Steven Andrade,70,F,"167 Scott Bypass Suite 371, Port Kimberly, PW 19896"
682,Virginia Butler,84,F,"55808 Christopher Motorway, Lake Maryview, CA 14614"
683,Jodi Clark,82,M,"967 Ross Pike, Michelleside, KY 91450"
684,Kaitlin Williams,25,F,"81628 Gallegos Run, Stevensbury, NY 92831"
685,Cathy Macias,62,F,"186 Richard Fords, Port Felicia, GA 73849"
686,Steve Bush,40,M,"012 Darren Camp, East Markview, OH 47112"
687,Nathaniel Garner,29,F,"1016 Vaughan Forks, South Brittany, WY 18324"
688,Amy Morgan,25,F,"80647 David Squares Suite 946, Richberg, VT 57874"
689,Nancy Chapman,62,M,"36761 Veronica Stravenue Suite 219, Erinfurt, IA 35845"
690,Michele Thomas,70,F,"00085 Patrick Park, Port Ericfurt, OK 57659"
691,Jessica Jones,30,M,"45511 Michael Shoal, Cookton, MP 64983"
692,Sydney Hicks,82,F,"2962 James Rest Apt. 747, South Erika, TN 77814"
693,Emily Quinn DDS,26,F,"1336 Gregory Summit Suite 175, South Christineland, OR 59892"
694,Scott Weeks,34,M,"048 John Pines, New Jenniferbury, VI 45085"
695,Kristen Nunez,22,M,"USNS Sims, FPO AE 06140"
696,Brett Woods,37,F,"05092 Christina Ways, East Jamie, MD 50363"
697,James Garcia,50,F,"PSC 4963, Box 7525, APO AA 60027"
698,Jennifer Bradley,81,F,"24976 Regina Mountain Suite 393, Lake Tammy, ND 90619"
699,Marilyn Miranda,76,M,"57145 Elizabeth Light Apt. 595, Montesside, DE 85905"
700,Brian Kelly,28,F,"USS Woods, FPO AP 45482"
701,Lisa Griffith,79,F,"24248 Wise Crossing, Briantown, FL 10633"
702,Alexis Harris,76,M,"6487 Lisa Shores, Lake Theresashire, NH 77920"
703,Vanessa Clements,21,F,"USCGC Brown, FPO AA 25334"
704,Donna Lopez,72,M,"Unit 6290 Box 8854, DPO AA 52118"
705,Eric Ellis,58,F,"USNS Myers, FPO AA 25053"
706,Angel Jenkins,61,F,"29920 Hernandez Hollow, Joyfurt, PW 69737"
707,Jill Thompson,77,M,"065 Stephanie Isle Suite 848, Lake Danielle, MI 33656"
708,Kyle Yoder,48,F,"1129 Kayla Unions Suite 105, Harrisonport, AK 82019"
709,Brandon Hogan,76,F,"417 Regina Pines, Monicabury, UT 85450"
710,Faith Duran,27,F,"07162 Morrow Flat Suite 545, Walkershire, CO 21235"
711,Aaron Dodson,66,M,"128 Nicholas Throughway, Port Brian, WA 46192"
712,Jason Dawson,57,F,"PSC 0535, Box 2970, APO AA 59800"
713,Meredith Torres,19,F,"028 Bush Summit, South Lisaville, MH 33501"
714,Christina Gilbert,41,F,"273 James Roads, Mauriceshire, VT 77986"
715,Suzanne Norton,68,M,"520 Ryan Valley Suite 426, Wilsonbury, WA 06752"
716,Robert Wright,39,F,"1747 Raymond Underpass, Kennethfurt, NE 10244"
717,Denise Murray,54,M,"46718 Lewis Radial, North Michaelport, NH 77792"
718,Ronald Caldwell,55,F,"95380 Wilson Rapids Apt. 810, Paulport, MP 25376"
719,Dennis Vincent,70,F,"3564 Smith Course Apt. 201, Scottport, AZ 41045"
720,Deborah Wolfe,85,F,"211 Wilson Street, East Franciscoville, WI 30559"
721,April Berg,78,M,"153 David Locks, West Brian, UT 90915"
722,Joan Middleton,37,F,"69960 Miller Drive Apt. 727, West Michaelside, DC 40766"
723,Jeffrey Rogers,19,F,"935 Jessica Viaduct, Kathleenstad, NH 55808"
724,Stephanie Rivas,76,M,"554 Hunter Parkway Suite 134, South Angelamouth, KS 72648"
725,David Sanchez,73,F,"3674 Meza Forks Suite 253, Webbburgh, NJ 28354"
726,Trevor Martinez,81,F,"1159 Beth Run, West Angelaburgh, AR 11977"
727,Karen Benitez,25,F,"2424 Mason Knoll, West Jamesview, NE 68873"
728,Allison Wright,75,F,"646 Danielle Walks, Ethanport, VT 34597"
729,Charles Wheeler,72,F,"108 Porter Ferry Suite 628, Raventon, MS 88782"
730,Theresa Thomas,40,F,"5364 Mckenzie Estates, East Blakeberg, MP 24205"
731,Amy Hill,47,F,"76327 Pratt Lights, Tuckerfort, AR 22784"
732,Scott Sharp,66,M,"5119 Robert Causeway Suite 342, East Anthony, VA 67316"
733,Lisa Gonzalez,62,M,"9667 Coleman Trafficway Suite 976, South Andrew, WA 18684"
734,Brianna Morrison,54,F,"00443 Murray Plain, West Annestad, CA 44673"
735,Julian Terry,34,M,"63887 Rachel Circles, Michaelchester, MT 01780"
736,Samantha Jones,83,F,"85759 Kim View, Jacobsfort, ND 95720"
737,Edward Smith,49,F,"7097 Edward Forest Apt. 402, Jessicamouth, AL 31024"
738,Robert Moore,44,F,"22615 Joseph Oval Suite 315, West Kimberly, LA 33415"
739,Ashley James,41,M,"300 Webb Shore Suite 571, Jimenezfurt, WA 41323"
740,Amy Trevino,70,F,"5261 Salazar Fall, North Christophermouth, PW 72847"
741,Brittany Goodwin,20,M,"1645 Cox Mount, Tiffanychester, IN 98296"
742,David Edwards,73,F,"7877 Savannah Mountain Suite 419, South Georgeville, PA 41690"
743,Lisa Smith,48,M,"648 Kimberly Lodge, West Courtneybury, AK 67449"
744,Jennifer Taylor,62,M,"1797 Wall Flats Suite 697, Teresatown, MO 53789"
745,Emily Williams,26,M,"875 Jason Route, Monicamouth, FL 41063"
746,Timothy Davis,59,M,"Unit 5130 Box 6689, DPO AE 04311"
747,Terry Woodward,64,F,"317 Jeremy Road Suite 445, East Albertshire, PW 99814"
748,Patrick Lopez,20,F,"081 Albert Path, South Jeffrey, CO 15577"
749,Amanda Russell,31,M,"401 Richmond Valleys, New Jessicaburgh, NJ 49218"
750,Kathryn Lopez,60,F,"03151 Carrillo Ferry, North Amy, FL 28071"
751,Anthony Medina,24,F,"USNV Hodge, FPO AP 22430"
752,Robin Brown,31,F,"52460 Linda Spurs, Daniellebury, AZ 77465"
753,Jamie Everett,53,F,"54121 Hurley Parks Apt. 191, Wendyhaven, ID 76847"
754,Daniel Williams,20,M,"95348 Vanessa Passage Suite 479, North Patriciaburgh, CA 71643"
755,Megan Lewis,56,M,"1056 Bryan Ford, Walkerborough, FM 59763"
756,Amy Atkins,46,M,"PSC 9845, Box 3283, APO AE 74095"
757,Justin Myers,20,M,"9008 Amanda Place, North Donaldland, KS 01015"
758,Russell Case,19,F,"3970 Wilson Fields Suite 552, New Dennistown, RI 01266"
759,Keith Curry,58,M,"3736 Simon Grove, West Markberg, WY 29847"
760,Anthony Thompson,65,M,"0729 Heather Key, Andrewstad, VA 43999"
761,Stephanie Harmon,51,F,"8881 Macias Summit Suite 633, Meganview, TX 30192"
762,Kristen Mitchell,33,F,"PSC 9721, Box 6696, APO AE 70967"
763,Jennifer Smith,30,M,"86267 Joseph Trafficway, Gregoryberg, NM 41930"
764,Jennifer Rice,61,F,"Unit 1006 Box 8487, DPO AP 09202"
765,Catherine Allen,36,F,"5499 Danielle Mission, Mercadohaven, NE 30914"
766,Robert Mckay,52,M,"USNS Hill, FPO AE 48416"
767,Jacob Miller,75,F,"04637 Wang Burgs, West Christopher, TX 08947"
768,Samuel Nicholson,85,F,"77177 Arnold Flat, East Bianca, NJ 99336"
769,Jennifer Thomas,60,F,"582 Evans Knoll Suite 325, Davidland, CA 59173"
770,Daniel Moreno,59,F,"85153 Rebecca Cliff Suite 041, New Wandaland, SC 98210"
771,Edgar Mejia,73,F,"03113 Brandon Parkways Suite 764, Port Laura, UT 05984"
772,Russell Knox,49,F,"USS Brown, FPO AP 94160"
773,Mike Mitchell,18,M,"6185 Rangel Lakes Suite 387, Port Michael, AL 70431"
774,Brandi Hamilton,21,M,"034 Jason Union Apt. 261, Debrahaven, VA 80424"
775,John Pugh,72,F,"7513 Brenda Radial Suite 416, South Jordan, ME 99224"
776,Michael Moore,29,M,"8449 Turner Fork, Fieldsberg, VA 61164"
777,Timothy Lambert,30,M,"PSC 1744, Box 4216, APO AP 16621"
778,Harry Davis,51,M,"9942 Garcia Pines Apt. 108, South Rebecca, CO 43691"
779,Sierra Dunn,70,M,"77882 Brittany Crossroad, East Sandra, WY 97350"
780,Brian Acosta,71,M,"USNV Williams, FPO AP 70839"
781,Timothy Hatfield,59,F,"1379 Elizabeth Ridges, Lake Angela, NM 27224"
782,Leon Marks,78,F,"514 Griffin Knolls, Christopherfurt, NM 83476"
783,Jose Davidson,69,M,"19411 Cox Mission Suite 067, Lake Thomas, FL 34859"
784,Kimberly Singh,33,F,"41330 Taylor Terrace, West Barbarafort, IA 81712"
785,Andrew Wiley,75,F,"581 Zhang Skyway, Adamton, TX 34958"
786,Sarah Jimenez,61,F,"477 Miller Passage, Malloryside, NY 42099"
787,Anne Briggs,64,M,"28953 Tyler Landing Suite 526, Jennifermouth, IN 19060"
788,Tammy Warren,59,F,"82326 Brown Extension Suite 016, New Carrieberg, CO 08724"
789,Melissa Gomez,82,M,"76703 Allison Junctions, East John, KY 96584"
790,Randall Richardson,49,M,"47400 Gates Hollow Suite 233, South Amy, PR 75783"
791,Robert Dunn,45,F,"865 Joshua Locks Apt. 095, Murphymouth, MH 51247"
792,Samuel Cook,82,M,"1524 Michael Locks, Adamsview, AR 66277"
793,Nina Hurley,81,F,"139 West Plains, East Christianbury, MS 04791"
794,Nicole Adams,55,M,"47009 Katherine Lake, Lake Kevin, CO 65787"
795,Clayton West,43,M,"460 Moss Village Apt. 080, Paulborough, AL 47941"
796,Nathan Carter MD,57,M,"8500 Edward Expressway Apt. 390, Nicholastown, MS 20372"
797,Jessica Mckinney,59,M,"8660 Boyd Place, East Andrea, NM 56341"
798,Taylor Levy,44,M,"47635 Romero Mall, West John, ME 16144"
799,Kimberly Whitehead,77,M,"619 Paul Mountain Suite 487, Royland, NM 74533"
800,Dale Molina,59,F,"6281 Lee Burg, South Isaac, MP 45346"
801,Michael Cabrera,80,F,"0466 Martinez Cliff Suite 498, Jenkinsborough, FL 82097"
802,Miss Sarah Flores DDS,22,F,"7506 Mack Villages, East Paul, NV 29090"
803,Marie Saunders,64,M,"4371 David Street Suite 694, Nguyenhaven, ID 88419"
804,Manuel Barker,49,F,"9854 Miller Points Suite 275, Diazfort, FL 59256"
805,Cynthia Smith,34,F,"856 Glenn Forks Apt. 285, Matthewburgh, VA 11949"
806,Susan Rowland,84,F,"30730 Shannon Lakes, Victorview, VI 54197"
807,Eric Schroeder,71,M,"8637 Hudson Summit, West Amber, OH 08190"
808,Isaiah Warren,77,M,"Unit 2767 Box 0204, DPO AA 74455"
809,Michael Santana,43,M,"325 Thomas Radial, Amberstad, AK 11192"
810,Andrea Grant,84,F,"14838 Gray Spring, Lake Catherinestad, SD 42580"
811,Victoria Harris,50,F,"0979 Andrew Springs Apt. 637, Melissaburgh, MS 07700"
812,Gary Martinez,42,M,"45358 Allison Park Suite 524, Port Nicole, WY 03878"
813,Linda Harrison,62,M,"USNV Smith, FPO AE 55809"
814,John Murphy,54,M,"2645 Gregory Parkway Apt. 446, Kenthaven, ME 83004"
815,Sandra Hoffman,29,M,"1438 Brandy Spur, Josephfurt, AK 34276"
816,Katelyn Burgess,66,F,"2348 Vanessa Springs Suite 695, New Davidport, CT 09873"
817,Joseph Walsh,47,F,"07071 Laura Haven, Laceyport, GA 38657"
818,Daniel Martinez,60,F,"Unit 6525 Box 6147, DPO AA 87159"
819,Eric Cooke,59,F,"0089 Fred Place Apt. 280, South Audreybury, CT 73002"
820,Dennis Smith,42,F,"37806 Zamora Club Suite 035, Lyonsmouth, PA 04308"
821,Brenda Ramos,46,M,"865 Molly Estate Suite 465, New April, DE 01404"
822,Bob Fitzgerald,73,M,"10176 April Spring, Gonzalezfurt, TX 40044"
823,Heather Sanchez,72,F,"86705 Steele Ferry, North Brianmouth, MA 96970"
824,Kelly Martinez,58,M,"7351 Davis Mill Apt. 252, Scottville, ME 17385"
825,Brenda Jordan,42,M,"26691 Amy Lights Suite 384, South Kenneth, SD 53741"
826,Julia Mcdonald,48,F,"9414 Richmond Turnpike, South John, AK 94493"
827,Jonathan Holloway,73,M,"064 David Glen, Sherryview, TN 85502"
828,Jill Pope,81,M,"4895 Juan Orchard, Stephaniemouth, PR 20591"
829,Curtis Wilson,81,F,"3183 Ramirez Hollow Suite 943, New David, VI 03757"
830,Scott Jimenez,70,F,"117 Erica Mountains, New Kathyhaven, OK 96897"
831,Kenneth Valencia,71,M,"58138 Weaver Expressway, Justinfort, GU 97283"
832,Cassandra Walker,85,M,"8145 Schmitt Estate Apt. 743, New Charleneland, VI 87734"
833,Christopher Smith,19,F,"93548 Robert Viaduct, Port Wendy, FL 96116"
834,Tamara Preston MD,56,M,"USCGC Lopez, FPO AP 34355"
835,Jonathan Marsh,62,F,"79385 Patrick Divide, Lake Rachelport, PA 65424"
836,Timothy Cruz,29,F,"611 Chambers Land Suite 123, South Juliahaven, IL 77940"
837,Julie Smith,62,F,"467 Toni Estate, Phillipsstad, TN 17956"
838,Monica Mason,67,F,"5835 Lee Road, West Thomasshire, OH 77930"
839,Melissa Hammond,77,F,"104 Nathan Field, New Brianstad, MS 02295"
840,Miranda Huerta,40,M,"74938 Jared Isle, East Jacobberg, KY 27641"
841,Bryan Farmer,44,M,"45249 Russell Knoll, East Christopher, CO 69584"
842,Samantha Brown,39,M,"40477 Cruz Park, Kingmouth, TN 64925"
843,Tommy Bailey,41,M,"8067 Daniels Gardens Apt. 192, New Rhonda, ID 75320"
844,Monica King MD,39,F,"05595 Zachary Plains, North Heathermouth, IL 68265"
845,Lisa Good,45,M,"825 Clarke Hill Apt. 809, Christianberg, HI 46920"
846,Jason Meyer,59,M,"301 Wise Summit Apt. 770, East Jeremyside, PW 82324"
847,Melissa Morgan,74,F,"930 Casey Trail Suite 776, Dennisshire, KS 52491"
848,William Brown,50,F,"3070 Donald Forks, Hernandezside, MD 68605"
849,John Smith,72,M,"31283 Frederick Trace Apt. 968, East Crystalport, MS 50141"
850,Krystal Newman,65,M,"0011 Sanchez Brook, Davishaven, TN 06749"
851,Bryan Cox,20,F,"154 Mary Extensions Apt. 997, Mooreview, DE 27164"
852,Julie Schneider,59,M,"1670 Sharon Key, Beckerhaven, CT 37729"
853,Sara Mcdonald,44,M,"Unit 8518 Box 7334, DPO AP 66724"
854,Gina Velazquez,34,F,"8737 Young Creek, Bairdport, SC 64223"
855,Keith Williams,36,M,"765 Manning Vista, Kimberlymouth, DE 19693"
856,William Mckinney,46,F,"409 Daniel Summit, Harrellberg, IA 74639"
857,Eddie Oconnor,36,M,"82853 Ruth Run, New Jennifer, KS 46223"
858,Kathleen Booth,63,M,"884 Brandon Way Suite 763, Sawyerview, DE 93822"
859,George Miller,53,M,"PSC 1713, Box 5383, APO AP 83246"
860,Stephanie Hopkins,56,M,"381 Debbie Cliffs Suite 310, West Joshuatown, SC 28531"
861,Benjamin Becker,57,F,"083 Eric Neck Apt. 586, Port Jenniferland, OK 93397"
862,Brandon Gray,57,F,"59904 Brett Loop, Port Joshua, NE 90476"
863,Jason White,63,F,"650 Jeffrey Club Suite 351, Schwartzland, CA 70731"
864,Jamie Melton,57,M,"42784 Erika Fields Suite 615, North Margaretbury, VT 75060"
865,April Mcdaniel,31,F,"542 John Causeway Apt. 997, South Timothyshire, MH 62189"
866,Frank Joyce,31,M,"28477 Tony Isle, New Kristy, NM 51926"
867,Alyssa Hale,20,M,"0378 Robinson Drive Apt. 966, Port Deanna, OH 64332"
868,Ryan Allen,20,M,"856 Fernandez Extensions, Johnfurt, OR 30402"
869,Timothy Houston,30,F,"9788 Taylor Tunnel, Nicholashaven, IN 47566"
870,Melissa King,55,M,"524 Paul Viaduct, Nicoletown, MO 64986"
871,Joseph Vazquez,28,M,"08830 Clark Avenue, Lake Dylanborough, SD 21632"
872,Matthew Mejia,32,M,"092 Moore Flats Apt. 685, Brandonmouth, DC 61811"
873,Robert Simmons,60,M,"8377 Andrew Fort, West Josephville, MD 17117"
874,Daniel Thompson,84,M,"0906 Torres Harbors Apt. 460, Jonesborough, AL 04710"
875,Laura Valdez,26,M,"750 Douglas Junctions, Catherineland, AL 52152"
876,Lisa Rodriguez MD,52,F,"995 Mueller Unions Suite 012, Graybury, IL 28307"
877,Alyssa Lynn,44,M,"240 Dylan Roads Apt. 986, Stephaniefurt, UT 41211"
878,Joan Carter,30,M,"224 Amy Isle Suite 172, Sethfort, WV 24020"
879,Yolanda Duncan,55,F,"37085 Perry Loop, North Destiny, KY 68799"
880,Craig Mathews,23,M,"69630 Myers Squares Suite 355, Finleyfurt, MH 91312"
881,Richard Farrell,78,F,"335 Scott Route, Gomezchester, AZ 06787"
882,Nancy Bonilla,32,F,"4842 Ashley Trace, New Deborahport, OH 09799"
883,Tyler Snyder,38,M,"965 Giles Squares, Shannonburgh, MD 18097"
884,Mark Smith,57,M,"92280 Le Dam Apt. 252, Dixonport, DE 01954"
885,Jesse Peterson,26,F,"897 Kristie Drive, Scottstad, OK 50080"
886,Brendan Coleman,54,F,"9082 Camacho Highway, Hernandezfort, AZ 18639"
887,Mark Ramsey,70,M,"7278 Johnathan Lodge, East Deannachester, SC 72199"
888,Richard Jackson,84,M,"8486 Mark Squares, West Marc, PR 56495"
889,Sean Hill,66,F,"0856 Lisa Burgs, North Shannonfort, TN 67480"
890,Shirley Hughes,42,F,"3815 Jonathan Ranch Suite 743, Millerfort, NE 47060"
891,Elizabeth Martin,49,M,"4744 Michael Way, West Chad, OR 54234"
892,Scott Jordan,82,F,"PSC 7876, Box 8169, APO AA 57857"
893,Jay Clay,49,M,"3303 White Ports Apt. 850, North Rachaelfort, WV 16330"
894,Brian Park,52,F,"01066 Flores Estate, Allenborough, MN 39306"
895,Michael Munoz,21,M,"454 Brittany Centers Apt. 729, Knappberg, GU 86106"
896,Heather Donovan,60,M,"36689 Ashley Mountains, Port Wayne, MS 10947"
897,Sarah Martinez,82,F,"3253 Margaret Estate Apt. 529, Brightshire, AS 93194"
898,Lauren Peterson,46,M,"4255 Conrad Village, West Ginaport, TX 61112"
899,Megan Adams,83,F,"55979 Turner Courts Apt. 529, South Mistyfurt, KS 64035"
900,Patrick Jackson,79,M,"95186 Davis Via Apt. 471, Danielleborough, NY 80546"
901,Stephanie Acosta,48,M,"424 James Locks, Williamview, NV 27100"
902,Deanna Garcia,72,M,"12877 Cynthia Square Suite 988, East Scottberg, GU 03490"
903,Lauren Pratt,42,M,"9634 Jones Mission Suite 050, Barnesshire, RI 59145"
904,Kimberly Haas,68,M,"37841 Dixon Pass, North Josephfort, MO 32632"
905,Brittney Finley,47,M,"9421 Conner Glens, South Kristinechester, OK 19510"
906,David Smith,49,F,"989 Turner Brook Apt. 422, Bryanhaven, FL 51717"
907,Brian Wyatt,78,F,"35070 Brenda Motorway, West Charlene, NM 18334"
908,Juan Krause,67,M,"050 Rice Locks Apt. 977, Stevenville, FL 01810"
909,Samuel Snyder,35,M,"959 Goodwin Brooks Apt. 318, Gonzalesland, IA 78525"
910,Brian Reyes,68,M,"591 Dyer Avenue Apt. 755, New Lori, PR 40075"
911,Joshua Carter,77,M,"10177 White Land, New Travisstad, UT 58755"
912,Emily Richardson,57,M,"163 Adams Extensions, South Ronniefort, NV 18653"
913,Patrick Scott,44,M,"26389 Shannon Circle Apt. 271, West Shannonborough, MA 37420"
914,Amy Brown,81,M,"21884 Jennifer Gateway Suite 893, Alexanderfort, NE 93030"
915,Brenda Valdez,58,M,"3559 Kent Junction Apt. 384, North Rachelburgh, NH 11579"
916,Andrew Taylor,84,F,"Unit 2709 Box 9583, DPO AP 22522"
917,Laurie Shaffer,47,F,"3655 Stephens Isle, Rodriguezberg, UT 92645"
918,Nancy Gross,32,F,"3159 Peters Pike, North Melissaside, GA 71457"
919,Lisa Vasquez MD,83,F,"893 Vincent Roads, Cassidystad, CA 45136"
920,Cody Hernandez,57,M,"358 Patterson Groves Apt. 906, West Carolyn, KY 92681"
921,David Kelly,84,F,"728 Simmons Street, Nancyland, VA 40398"
922,Stacey Norris,68,F,"9017 Rachel Inlet, Clarkstad, VI 58271"
923,Nicholas Smith,50,M,"66502 Adam Roads, Laurahaven, MP 69546"
924,Heather Norton,49,F,"1975 John Rapid Suite 833, Port Toddfort, MN 51565"
925,Amanda Fischer,84,M,"375 Diane Port, South Raymond, AK 73816"
926,Jamie Hanson,53,F,"3350 Rivera Branch Suite 844, New Michael, LA 91196"
927,Brittany Richmond,41,M,"440 Haley Valleys Apt. 003, West Susanton, HI 30717"
928,Heather Ruiz,68,F,"584 Arnold Ways, South Adrian, SD 43382"
929,Jesus Williams,31,F,"1001 Nathan Isle Suite 868, South Cynthiashire, WY 74361"
930,April Duran,81,F,"1059 Denise Rest, West Samantha, MA 98384"
931,Justin Hoover,80,F,"22632 Gonzales Trail Suite 423, Lake Calvinborough, VT 80626"
932,Carl Quinn,31,M,"USS Clark, FPO AE 51806"
933,Charles Barnes,79,F,"689 Julia Square Suite 959, South Williamport, TX 94495"
934,Anthony Cook,79,F,"506 Diana Loaf Apt. 944, Ronaldmouth, TN 14967"
935,Tiffany Duffy,58,F,"4089 Mitchell Parkways Suite 391, South Andrewville, MO 62098"
936,David Kelly,46,F,"PSC 6159, Box 2226, APO AP 95680"
937,George Campbell,80,F,"2028 Allison Locks Apt. 176, Markville, FL 39745"
938,Alvin Parker,72,F,"878 Bennett Avenue Suite 123, Port Randallberg, IL 67093"
939,Ivan Potts,80,F,"627 Kelly Cliff, East Misty, AK 48419"
940,Frank Jones,82,F,"7284 Brian Creek Suite 415, Martinside, TN 43573"
941,Miranda Costa,19,M,"944 Karen Trail, Lake Tanyaport, HI 51029"
942,Ruth Sanchez,24,F,"2271 Jeffrey Trail Apt. 533, New Robert, MD 82712"
943,Pedro Thompson,23,F,"14608 Harmon Fall, Port Heidiport, MD 55964"
944,Scott Cross,34,F,"9040 Wise Shoals Suite 399, New Crystal, NC 86030"
945,Logan Roth,64,F,"2636 Katie Rapid Apt. 750, Jenniferberg, TX 88978"
946,Donna Lawrence,56,M,"5531 Smith Lane Apt. 843, Erinberg, VI 79753"
947,Jeremy Burke,58,M,"48022 Matthew Field Suite 207, Spencerfort, OH 69304"
948,Angela Miller,59,M,"2027 Hood Trail Suite 501, East Karenborough, AL 63269"
949,Laura Waters,70,M,"89808 Zachary Island, Anthonystad, KY 38944"
950,Timothy Prince,82,F,"956 Brenda Junction Apt. 106, Simsside, MN 23625"
951,Sally Weaver,74,M,"2370 Hawkins Isle Apt. 037, Rodriguezfurt, NC 22401"
952,Dale Clark,81,F,"92547 Savage Inlet, Jessestad, MD 29519"
953,Karen Jackson,41,F,"2661 Adam Stravenue Suite 929, North Megan, WY 14261"
954,Jeremiah Smith PhD,59,F,"7945 Katrina Locks, Smithside, VA 43239"
955,Patricia Kennedy,25,F,"927 Mayo Roads Suite 723, East Briannaport, AS 81597"
956,Heather Pugh MD,19,F,"9934 Christian Cape Apt. 279, New Michael, WY 12632"
957,Christina Green,56,M,"3235 Jones Circle, Lake Megan, AL 90338"
958,Shawn Oconnor,47,M,"99266 Lee Creek Apt. 999, New Andrewville, OH 72110"
959,Kevin Allen,44,M,"66287 Brandon Squares, Amandaberg, MP 84562"
960,Brian Christensen,81,F,"643 Fisher Camp Apt. 134, Mindymouth, AZ 85460"
961,Sara Lopez,29,F,"158 Jonathan Unions Apt. 543, Port Jeffreymouth, DC 23796"
962,Melanie Jackson,29,M,"764 Gordon Drive Suite 360, East Andrealand, NE 05782"
963,Scott Davis,55,F,"91700 Robles Stream Suite 865, Nguyenchester, NY 13668"
964,Logan Williams,19,M,"089 Walters Skyway Apt. 994, Coleside, OH 47533"
965,Elizabeth Wiley,80,M,"1765 Gibbs Forge, Lake Danielhaven, GU 87290"
966,Alexandria Hester,58,M,"PSC 6537, Box 6687, APO AE 18096"
967,Joseph Carr,45,M,"USNS Stone, FPO AA 18437"
968,Charles Perry,41,M,"0321 Hill Vista Suite 186, New Jeremy, MT 94955"
969,Martha Flynn,27,M,"306 Brewer Center Suite 360, Port Antoniotown, MO 32838"
970,James Keller,29,M,"7872 Barrett Circle, East Jennifer, MN 13934"
971,Renee Evans,21,M,"853 John Mews Apt. 599, Chanborough, SD 24317"
972,Donald Edwards,75,M,"310 Parker Island Suite 600, New Mollyborough, SD 42959"
973,Ms. Kayla Knox,70,F,"PSC 1320, Box 6642, APO AE 23442"
974,Anna Pope,30,F,"357 Cordova Plain Suite 533, Leebury, OR 15267"
975,Eduardo Greene,24,M,"549 John Bridge Apt. 085, Shelleychester, AK 48487"
976,Carl Jackson,39,M,"39148 Howard Mountains, East Pamela, TX 82978"
977,Kyle Monroe,33,M,"3780 Booker Street Apt. 796, Amyburgh, MI 09112"
978,Christina Alexander,75,M,"7387 Brianna Ford, Jennifermouth, MA 10004"
979,Wendy Johnson,60,F,"0573 Drake Stravenue Apt. 767, North Jennifer, AS 77350"
980,Natasha Harris,63,F,"15999 Christopher Harbor Apt. 915, East Angela, NC 87749"
981,Rachel Garza,52,M,"651 Hanna Lock, Cassandraburgh, PR 33327"
982,Bradley Quinn,65,F,"9383 Brittany Branch, Port Lisa, VT 79266"
983,Angela Davis,54,M,"85727 Marvin Well, Howelltown, AL 30406"
984,Tammy Goodman,61,M,"Unit 7927 Box 1472, DPO AE 17012"
985,Matthew Howard,19,F,"PSC 5169, Box 9906, APO AE 21135"
986,Timothy Burns,69,M,"2439 Combs Extensions Apt. 244, Michaelbury, MD 65109"
987,Leslie Wilson,45,M,"498 Charles Squares Apt. 505, Lake Nancy, LA 93923"
988,Robert Ibarra,77,F,"9042 Donna Crossing Apt. 050, Kristinchester, FM 11642"
989,Mr. Barry Lang,70,F,"0972 Johnson Freeway Apt. 498, Schneiderberg, OK 50391"
990,Donna Robbins,48,M,"9944 Prince Garden Suite 755, Jacquelinemouth, VA 41918"
991,Gabrielle Rodriguez,85,M,"9223 Jessica Field Suite 801, Meyerberg, IL 45130"
992,Jason Carroll,34,M,"97895 Courtney Square Suite 195, North Brooke, NC 04691"
993,Stacy Gutierrez,71,M,"59803 Joshua Shoal Apt. 533, Josephbury, CT 13993"
994,Michael Spence,26,M,"24836 Laurie Mill Suite 462, North Michelle, NY 33285"
995,Mr. David Scott,80,F,"738 Bradshaw Landing Apt. 377, Elizabethberg, UT 61121"
996,Daniel May,51,M,"179 Deborah Oval Apt. 061, Garciaton, MS 97347"
997,Lisa Clark,55,M,"2126 Debbie Port Suite 462, New Sarah, WA 67987"
998,Brett Butler,31,M,"507 Andrew Inlet, Gregorytown, LA 65579"
999,David Serrano,73,M,"6228 Vanessa Prairie, Sullivanhaven, MP 19335"
1000,Marc Smith,33,F,"1824 Smith Center Apt. 287, Port Anita, DC 74995"
